"Allele","CSF1PO","D13S317","D16S539","D18S51","D21S11","D3S1358","D5S818","D7S820","D8S1179","FGA","PENTAD","PENTAE","TH01","TPOX","VWA"
2.2,0,0,0,0,0,0,0,0,0,0,0.00635,0,0,0,0
4,0,0,0,0,0,0,0,0,0,0,0,0,0.00111,0,0
5,0,0,0,0,0,0,0,0,0,0,0.00181,0.05104,0.00223,0,0
6,0,0,0,0,0,0,0,0,0,0,0,0,0.24944,0.00802,0
7,0.00091,0.00178,0,0,0,0,0.03052,0.01246,0,0,0.00726,0.10208,0.23719,0.00267,0
8,0.00274,0.1032,0.0208,0,0,0,0.00269,0.12278,0.01157,0,0.00998,0.02836,0.098,0.48841,0
9,0.01916,0.14947,0.1745,0.00089,0,0,0.05027,0.09164,0.01423,0,0.20236,0.01134,0.1637,0.09002,0
9.3,0,0,0,0,0,0,0,0,0,0,0,0,0.23274,0,0
10,0.26186,0.07918,0.10488,0.01071,0,0,0.04758,0.2758,0.07918,0,0.19056,0.069,0.01336,0.05526,0
11,0.28558,0.22954,0.26401,0.01339,0,0,0.39138,0.28203,0.06228,0,0.16606,0.1087,0.00223,0.28253,9e-04
12,0.35128,0.24822,0.26401,0.13482,0,0.00181,0.31777,0.18327,0.14413,0,0.18058,0.18242,0,0.07041,0.0036
13,0.06934,0.12633,0.15099,0.12411,0,0.00451,0.14093,0.02758,0.2847,0,0.16243,0.10113,0,0.00267,0.0045
14,0.00912,0.0605,0.01899,0.20179,0,0.08484,0.01526,0.00445,0.2242,0,0.05445,0.06427,0,0,0.08288
15,0,0.00178,0.00181,0.14464,0,0.34477,0.00269,0,0.13345,0,0.01452,0.09924,0,0,0.09369
16,0,0,0,0.10625,0,0.26354,9e-04,0,0.04181,0,0.00272,0.0397,0,0,0.26306
17,0,0,0,0.13393,0,0.16968,0,0,0.00356,0.0018,0.00091,0.04726,0,0,0.3036
18,0,0,0,0.0625,0,0.12094,0,0,0.00089,0.00989,0,0.03497,0,0,0.16306
18.2,0,0,0,0,0,0,0,0,0,9e-04,0,0,0,0,0
19,0,0,0,0.03839,0,0.00903,0,0,0,0.09173,0,0.02457,0,0,0.07027
19.2,0,0,0,0,0,0,0,0,0,9e-04,0,0,0,0,0
20,0,0,0,0.01696,0,9e-04,0,0,0,0.11241,0,0.01323,0,0,0.01171
21,0,0,0,0.00536,0,0,0,0,0,0.16637,0,0.01134,0,0,0.0027
21.2,0,0,0,0,0,0,0,0,0,0.0018,0,0,0,0,0
22,0,0,0,0.00446,0,0,0,0,0,0.14388,0,0.00756,0,0,0
22.2,0,0,0,0,0,0,0,0,0,0.0054,0,0,0,0,0
23,0,0,0,0,0,0,0,0,0,0.1214,0,0.00284,0,0,0
23.2,0,0,0,0,0,0,0,0,0,0.0027,0,0,0,0,0
24,0,0,0,0.00089,0,0,0,0,0,0.14388,0,0.00095,0,0,0
24.2,0,0,0,0,0.00089,0,0,0,0,0.0018,0,0,0,0,0
25,0,0,0,0.00089,0.00089,0,0,0,0,0.11151,0,0,0,0,0
26,0,0,0,0,0.00178,0,0,0,0,0.06205,0,0,0,0,0
27,0,0,0,0,0.02139,0,0,0,0,0.01709,0,0,0,0,0
28,0,0,0,0,0.10428,0,0,0,0,0.0045,0,0,0,0,0
29,0,0,0,0,0.21123,0,0,0,0,0,0,0,0,0,0
29.2,0,0,0,0,0.00357,0,0,0,0,0,0,0,0,0,0
30,0,0,0,0,0.2451,0,0,0,0,0,0,0,0,0,0
30.2,0,0,0,0,0.02228,0,0,0,0,0,0,0,0,0,0
31,0,0,0,0,0.05348,0,0,0,0,0,0,0,0,0,0
31.2,0,0,0,0,0.13993,0,0,0,0,0,0,0,0,0,0
32,0,0,0,0,0.01248,0,0,0,0,0,0,0,0,0,0
32.2,0,0,0,0,0.12567,0,0,0,0,0,0,0,0,0,0
33,0,0,0,0,0.00267,0,0,0,0,0,0,0,0,0,0
33.2,0,0,0,0,0.04278,0,0,0,0,0,0,0,0,0,0
34,0,0,0,0,0.00178,0,0,0,0,0,0,0,0,0,0
34.2,0,0,0,0,0.00624,0,0,0,0,0,0,0,0,0,0
35,0,0,0,0,0.00089,0,0,0,0,0,0,0,0,0,0
35.2,0,0,0,0,0.00178,0,0,0,0,0,0,0,0,0,0
36.2,0,0,0,0,0.00089,0,0,0,0,0,0,0,0,0,0
