"Allele","CSF1PO","D10S1248","D12S391","D13S317","D16S539","D18S51","D19S433","D1S1656","D21S11","D22S1045","D2S1338","D2S441","D3S1358","D5S818","D7S820","D8S1179","FGA","SE33","TH01","TPOX","VWA"
6,0,0,0,0,0,0,0,0,0,0,0,0,0,0,0,0,0,0,0.274,0,0
7,0,0,0,0,0,0,0,0,0,0,0,0,0,0,0.0192,0,0,0,0.1394,0,0
8,0.0048,0,0,0.1875,0.0144,0,0,0,0,0,0,0,0,0.0048,0.1971,0.0192,0,0,0.1394,0.476,0
9,0.0288,0.0048,0,0.0481,0.1106,0,0,0,0,0,0,0,0,0.0096,0.0865,0.0096,0,0,0.1683,0.125,0
9.3,0,0,0,0,0,0,0,0,0,0,0,0,0,0,0,0,0,0,0.2644,0,0
10,0.2596,0,0,0.0817,0.0337,0.0144,0,0,0,0,0,0.2548,0,0.1058,0.2644,0.0577,0,0,0.0144,0.0481,0
11,0.2981,0.0144,0,0.2692,0.2596,0.0192,0,0.0529,0,0.1106,0,0.2788,0.0048,0.351,0.2067,0.0913,0,0,0,0.2981,0
11.3,0,0,0,0,0,0,0,0,0,0,0,0.0913,0,0,0,0,0,0,0,0,0
12,0.3365,0.0481,0,0.2596,0.3269,0.149,0.101,0.1346,0,0.0048,0,0.024,0.0096,0.3221,0.1779,0.0962,0,0.0096,0,0.0529,0
13,0.0625,0.2885,0,0.1058,0.2163,0.1106,0.2692,0.0385,0,0,0,0.0144,0,0.1971,0.0481,0.351,0,0.0096,0,0,0
13.2,0,0,0,0,0,0,0.0192,0,0,0,0,0,0,0,0,0,0,0,0,0,0
14,0.0096,0.3077,0,0.0481,0.0385,0.149,0.3654,0.1058,0,0.0481,0,0.2981,0.125,0.0096,0,0.2115,0,0.0577,0,0,0.1202
14.2,0,0,0,0,0,0,0.0192,0,0,0,0,0,0,0,0,0,0,0.0144,0,0,0
14.3,0,0,0,0,0,0,0,0.0048,0,0,0,0,0,0,0,0,0,0,0,0,0
15,0,0.1779,0.024,0,0,0.1538,0.149,0.1442,0,0.3846,0,0.0385,0.1971,0,0,0.1298,0,0.0481,0,0,0.1202
15.2,0,0,0,0,0,0,0.0192,0,0,0,0,0,0,0,0,0,0,0,0,0,0
15.3,0,0,0,0,0,0,0,0.0673,0,0,0,0,0,0,0,0,0,0,0,0,0
16,0,0.125,0.0529,0,0,0.1442,0.0337,0.1058,0,0.3894,0.0529,0,0.2837,0,0,0.0337,0,0.0481,0,0,0.2837
16.2,0,0,0,0,0,0,0.0144,0,0,0,0,0,0,0,0,0,0,0,0,0,0
16.3,0,0,0,0,0,0,0,0.0865,0,0,0,0,0,0,0,0,0,0,0,0,0
17,0,0.0337,0.0673,0,0,0.1154,0.0096,0.0721,0,0.0625,0.2356,0,0.1538,0,0,0,0,0.0865,0,0,0.2596
17.3,0,0,0.024,0,0,0,0,0.1346,0,0,0,0,0,0,0,0,0,0,0,0,0
18,0,0,0.2163,0,0,0.0577,0,0,0,0,0.0913,0,0.2115,0,0,0,0.0192,0.0865,0,0,0.149
18.3,0,0,0.0096,0,0,0,0,0.0433,0,0,0,0,0,0,0,0,0,0,0,0,0
19,0,0,0.101,0,0,0.0481,0,0,0,0,0.1202,0,0.0144,0,0,0,0.0721,0.0962,0,0,0.0625
19.3,0,0,0,0,0,0,0,0.0096,0,0,0,0,0,0,0,0,0,0,0,0,0
20,0,0,0.1538,0,0,0.0288,0,0,0,0,0.1442,0,0,0,0,0,0.1875,0.0385,0,0,0.0048
20.2,0,0,0,0,0,0,0,0,0,0,0,0,0,0,0,0,0,0.0048,0,0,0
20.3,0,0,0.0048,0,0,0,0,0,0,0,0,0,0,0,0,0,0,0,0,0,0
21,0,0,0.1298,0,0,0.0096,0,0,0,0,0.0288,0,0,0,0,0,0.2067,0.0192,0,0,0
21.2,0,0,0,0,0,0,0,0,0,0,0,0,0,0,0,0,0,0.0192,0,0,0
22,0,0,0.1106,0,0,0,0,0,0,0,0.0481,0,0,0,0,0,0.1202,0.0096,0,0,0
22.2,0,0,0,0,0,0,0,0,0,0,0,0,0,0,0,0,0,0.0337,0,0,0
23,0,0,0.0721,0,0,0,0,0,0,0,0.0721,0,0,0,0,0,0.1298,0,0,0,0
23.2,0,0,0,0,0,0,0,0,0,0,0,0,0,0,0,0,0.0048,0.0385,0,0,0
24,0,0,0.0192,0,0,0,0,0,0,0,0.0962,0,0,0,0,0,0.1394,0,0,0,0
24.2,0,0,0,0,0,0,0,0,0,0,0,0,0,0,0,0,0,0.024,0,0,0
25,0,0,0.0144,0,0,0,0,0,0,0,0.101,0,0,0,0,0,0.0529,0,0,0,0
25.2,0,0,0,0,0,0,0,0,0,0,0,0,0,0,0,0,0,0.0433,0,0,0
26,0,0,0,0,0,0,0,0,0.0096,0,0.0096,0,0,0,0,0,0.0433,0,0,0,0
26.2,0,0,0,0,0,0,0,0,0,0,0,0,0,0,0,0,0,0.0288,0,0,0
27,0,0,0,0,0,0,0,0,0.0481,0,0,0,0,0,0,0,0.024,0,0,0,0
27.2,0,0,0,0,0,0,0,0,0,0,0,0,0,0,0,0,0,0.0577,0,0,0
28,0,0,0,0,0,0,0,0,0.1538,0,0,0,0,0,0,0,0,0,0,0,0
28.2,0,0,0,0,0,0,0,0,0,0,0,0,0,0,0,0,0,0.0817,0,0,0
29,0,0,0,0,0,0,0,0,0.2067,0,0,0,0,0,0,0,0,0,0,0,0
29.2,0,0,0,0,0,0,0,0,0,0,0,0,0,0,0,0,0,0.0481,0,0,0
30,0,0,0,0,0,0,0,0,0.2356,0,0,0,0,0,0,0,0,0,0,0,0
30.2,0,0,0,0,0,0,0,0,0.024,0,0,0,0,0,0,0,0,0.0529,0,0,0
31,0,0,0,0,0,0,0,0,0.0673,0,0,0,0,0,0,0,0,0,0,0,0
31.2,0,0,0,0,0,0,0,0,0.0817,0,0,0,0,0,0,0,0,0.024,0,0,0
32,0,0,0,0,0,0,0,0,0.0096,0,0,0,0,0,0,0,0,0,0,0,0
32.2,0,0,0,0,0,0,0,0,0.0962,0,0,0,0,0,0,0,0,0.0048,0,0,0
33.2,0,0,0,0,0,0,0,0,0.0625,0,0,0,0,0,0,0,0,0.0048,0,0,0
34.2,0,0,0,0,0,0,0,0,0.0048,0,0,0,0,0,0,0,0,0,0,0,0
35,0,0,0,0,0,0,0,0,0,0,0,0,0,0,0,0,0,0.0096,0,0,0
