Allele,CSF1PO,D13S317,D16S539,D18S51,D19S433,D21S11,D2S1338,D3S1358,D5S818,D7S820,D8S1179,FGA,PENTAD,PENTAE,TH01,TPOX,VWA
5,0,0,0,0,0,0,0,0,0,0,0,0,0,0.0286,0,0,0
6,0,0,0,0,0,0,0,0,0,0,0,0,0,0,0.2143,0,0
7,0,0,0,0,0,0,0,0,0.281,0.0048,0,0,0,0.0571,0.5143,0,0
8,0,0.0476,0,0,0,0,0,0,0,0.1429,0.0095,0,0.0143,0,0.0333,0.3095,0
9,0.0571,0.2714,0.081,0,0,0,0,0,0.0238,0.0429,0,0,0.281,0,0.0571,0.0238,0
9.3,0,0,0,0,0,0,0,0,0,0,0,0,0,0,0.1762,0,0
10,0.2952,0.1524,0.1524,0,0,0,0,0,0.0476,0.2857,0.019,0,0.2476,0.0095,0.0048,0.0286,0
11,0.1429,0.1857,0.3143,0.0048,0.0048,0,0,0,0.419,0.3048,0.0238,0,0.1714,0.081,0,0.4238,0
12,0.4524,0.2,0.3524,0.1346,0.019,0,0,0,0.1619,0.1762,0.1143,0,0.1571,0.2286,0,0.2143,0
12.2,0,0,0,0,0.0095,0,0,0,0,0,0,0,0,0,0,0,0
13,0.0429,0.0905,0.0952,0.1394,0.1714,0,0,0,0.0619,0.0333,0.419,0,0.081,0.081,0,0,0
13.2,0,0,0,0,0.2095,0,0,0,0,0,0,0,0,0,0,0,0
13.3,0,0.0048,0,0,0,0,0,0,0,0,0,0,0,0,0,0,0
14,0.0095,0.0429,0.0048,0.274,0.2619,0,0,0.0476,0.0048,0.0095,0.2952,0,0.0429,0.0952,0,0,0.0762
14.2,0,0,0,0,0.0476,0,0,0,0,0,0,0,0,0,0,0,0
15,0,0.0048,0,0.1538,0.1238,0,0,0.419,0,0,0.1048,0,0,0.0714,0,0,0.0476
15.2,0,0,0,0,0.0857,0,0,0,0,0,0,0,0,0,0,0,0
16,0,0,0,0.0817,0.0238,0,0,0.4429,0,0,0.0143,0,0.0048,0.1,0,0,0.3714
16.2,0,0,0,0,0.0143,0,0,0,0,0,0,0,0,0,0,0,0
17,0,0,0,0.1202,0,0,0.0429,0.0619,0,0,0,0,0,0.1048,0,0,0.3095
17.2,0,0,0,0,0.0286,0,0,0,0,0,0,0,0,0,0,0,0
18,0,0,0,0.0192,0,0,0.0571,0.0238,0,0,0,0,0,0.0381,0,0,0.1238
19,0,0,0,0.024,0,0,0.3857,0.0048,0,0,0,0.1333,0,0.0286,0,0,0.0619
20,0,0,0,0.0144,0,0,0.119,0,0,0,0,0.081,0,0.0524,0,0,0.0095
21,0,0,0,0.0192,0,0,0.019,0,0,0,0,0.119,0,0,0,0,0
22,0,0,0,0.0096,0,0,0.1143,0,0,0,0,0.1048,0,0.0095,0,0,0
23,0,0,0,0.0048,0,0,0.1238,0,0,0,0,0.1857,0,0,0,0,0
24,0,0,0,0,0,0,0.0952,0,0,0,0,0.1762,0,0,0,0,0
24.2,0,0,0,0,0,0,0,0,0,0,0,0.0048,0,0,0,0,0
25,0,0,0,0,0,0,0.0429,0,0,0,0,0.1048,0,0.0048,0,0,0
25.2,0,0,0,0,0,0.0048,0,0,0,0,0,0,0,0,0,0,0
26,0,0,0,0,0,0,0,0,0,0,0,0.0524,0,0,0,0,0
26.2,0,0,0,0,0,0,0,0,0,0,0,0.019,0,0,0,0,0
27,0,0,0,0,0,0.0048,0,0,0,0,0,0.019,0,0,0,0,0
28,0,0,0,0,0,0.0714,0,0,0,0,0,0,0,0,0,0,0
29,0,0,0,0,0,0.2286,0,0,0,0,0,0,0,0,0,0,0
30,0,0,0,0,0,0.3286,0,0,0,0,0,0,0,0,0,0,0
30.2,0,0,0,0,0,0.0143,0,0,0,0,0,0,0,0,0,0,0
31,0,0,0,0,0,0.0476,0,0,0,0,0,0,0,0,0,0,0
31.2,0,0,0,0,0,0.1524,0,0,0,0,0,0,0,0,0,0,0
32,0,0,0,0,0,0.0048,0,0,0,0,0,0,0,0,0,0,0
32.1,0,0,0,0,0,0.0048,0,0,0,0,0,0,0,0,0,0,0
32.2,0,0,0,0,0,0.0952,0,0,0,0,0,0,0,0,0,0,0
33.2,0,0,0,0,0,0.0286,0,0,0,0,0,0,0,0,0,0,0
34.2,0,0,0,0,0,0.0143,0,0,0,0,0,0,0,0,0,0,0