"Allele","CSF1PO","D10S1248","D12S391","D13S317","D16S539","D18S51","D19S433","D1S1656","D21S11","D22S1045","D2S1338","D2S441","D3S1358","D5S818","D7S820","D8S1179","FGA","PENTAD","PENTAE","SE33","TH01","TPOX","VWA"
2.2,0,0,0,0,0,0,0,0,0,0,0,0,0,0,0,0,0,0.00024,0,0,0,0,0
5,0,0,0,0,0,0,0,0,0,0,0,0,0,0,0,0,0,0.00072,0.07146,0,0.00719,0,0
6,0.00024,0,0,0,0,0,0,0,0,0,0,0,0,0,0,0,0,0.00048,0.0024,0,0.20983,0,0
7,0.0012,0.00024,0,0.00144,0.00024,0,0,0,0,0,0,0,0,0.00048,0.01918,0,0,0.00671,0.17074,0,0.18082,0.00048,0
8,0.0024,0,0,0.10983,0.01679,0,0,0,0,0,0,0.00048,0,0.0036,0.16547,0.01918,0,0.02038,0.01031,0,0.11103,0.54149,0
8.3,0,0,0,0,0,0,0,0,0,0,0,0,0,0,0,0,0,0,0,0,0.00024,0,0
9,0.02254,0,0,0.0741,0.1295,0.00096,0,0,0,0,0,0.00024,0,0.03046,0.17986,0.01679,0,0.20863,0.01055,0,0.13525,0.09472,0
9.3,0,0,0,0,0,0,0,0,0,0,0,0,0,0,0,0,0,0,0,0,0.34652,0,0
10,0.25492,0.00072,0,0.06595,0.06523,0.00791,0.00048,0.00168,0,0.00144,0,0.18873,0.00024,0.0506,0.25923,0.08897,0,0.09904,0.08801,0,0.00911,0.05731,0.00024
10.2,0,0,0,0,0,0,0,0,0,0,0,0,0,0,0,0,0,0,0,0.00024,0,0,0
10.3,0.00024,0,0,0,0,0,0,0,0,0,0,0,0,0,0.00024,0,0,0,0,0,0,0,0
11,0.30695,0.00264,0,0.2964,0.32158,0.01391,0.00504,0.07482,0,0.14053,0,0.34317,0.00192,0.35204,0.19257,0.07746,0,0.13621,0.09544,0.00048,0,0.25827,0
11.2,0,0,0,0,0,0,0,0,0,0,0,0,0,0,0,0,0,0,0,0.00048,0,0,0
11.3,0,0,0,0,0,0,0,0,0,0,0,0.04245,0,0,0.00024,0,0,0,0,0,0,0,0
12,0.33309,0.03549,0,0.29376,0.26427,0.15707,0.06691,0.12398,0,0.01343,0.00024,0.04748,0,0.37674,0.12782,0.15947,0,0.23213,0.19784,0.00456,0,0.04628,0.00048
12.1,0,0,0,0,0,0,0.00096,0,0,0,0,0,0,0,0,0.00024,0,0,0,0,0,0,0
12.2,0,0,0,0,0,0,0.00024,0,0,0,0,0,0,0,0,0,0,0,0,0.00024,0,0,0
12.3,0,0,0,0,0,0,0,0,0,0,0,0.00168,0,0,0,0,0,0,0,0,0,0,0
13,0.06403,0.31607,0,0.11223,0.17938,0.13789,0.21343,0.05731,0,0.006,0,0.02566,0.006,0.17482,0.04556,0.31966,0,0.21223,0.09376,0.00767,0,0.00144,0.00192
13.2,0,0,0,0,0,0,0.01823,0,0,0,0,0,0,0,0,0,0,0,0,0.00168,0,0,0
13.3,0,0,0,0,0,0,0,0,0,0,0,0.00048,0,0,0,0,0,0,0,0.00048,0,0,0
13.4,0,0,0,0,0,0,0,0,0,0,0,0,0,0,0,0,0,0.0012,0,0,0,0,0
14,0.01247,0.30719,0.00024,0.04556,0.02254,0.16475,0.36619,0.08753,0,0.05084,0.00024,0.29376,0.12278,0.00959,0.00911,0.19496,0,0.06787,0.06139,0.02686,0,0,0.0988
14.1,0,0,0,0,0,0,0,0,0,0,0,0.00024,0,0,0,0,0,0.00072,0,0,0,0,0
14.2,0,0,0,0,0,0,0.02326,0,0,0,0,0,0,0,0,0,0,0,0,0.00144,0,0,0
14.3,0,0,0,0,0,0,0,0.00168,0,0,0,0,0,0,0,0,0,0,0,0.00024,0,0,0
15,0.00168,0.1964,0.04149,0.00072,0.00024,0.14293,0.18297,0.13118,0,0.32518,0.00048,0.04964,0.24652,0.00144,0.00072,0.09185,0,0.00983,0.05036,0.03525,0,0,0.0976
15.2,0,0,0,0,0,0,0.04221,0,0,0,0,0,0,0,0,0,0,0,0,0.00048,0,0,0
15.3,0,0,0,0,0,0,0,0.07482,0,0,0,0,0,0,0,0,0,0,0,0.0012,0,0,0
16,0.00024,0.11727,0.03741,0,0.00024,0.12326,0.05324,0.11871,0,0.37074,0.03813,0.006,0.24173,0.00024,0,0.02638,0,0.00312,0.05228,0.04365,0,0,0.206
16.1,0,0,0,0,0,0,0,0.00024,0,0,0,0,0,0,0,0,0,0,0,0,0,0,0
16.2,0,0,0,0,0,0,0.01679,0,0,0,0,0,0,0,0,0,0,0,0,0.00024,0,0,0
16.3,0,0,0.00024,0,0,0,0,0.05492,0,0,0,0,0,0,0,0,0,0,0,0.00096,0,0,0
17,0,0.02038,0.10048,0,0,0.10743,0.00528,0.05779,0,0.08417,0.194,0,0.21631,0,0,0.00504,0.0012,0.00024,0.04916,0.06355,0,0,0.2741
17.1,0,0,0,0,0,0,0,0.00072,0,0,0,0,0,0,0,0,0,0,0,0,0,0,0
17.2,0,0,0,0,0,0,0.00336,0,0,0,0,0,0,0,0,0,0,0,0,0.00024,0,0,0
17.3,0,0,0.02278,0,0,0,0,0.14197,0,0,0,0,0,0,0,0,0,0,0,0.00096,0,0,0
18,0,0.00336,0.17554,0,0,0.0717,0.00024,0.00384,0,0.00671,0.08369,0,0.15444,0,0,0,0.01799,0.00024,0.02422,0.06715,0,0,0.19976
18.2,0,0,0,0,0,0,0.00096,0,0,0,0,0,0,0,0,0,0,0,0,0.00072,0,0,0
18.3,0,0,0.02206,0,0,0,0,0.05372,0,0,0,0,0,0,0,0,0,0,0,0.00096,0,0,0
19,0,0.00024,0.10312,0,0,0.03669,0,0.00048,0,0.00096,0.11655,0,0.00935,0,0,0,0.06067,0,0.01055,0.06259,0,0,0.106
19.1,0,0,0,0,0,0,0,0,0,0,0,0,0,0,0,0,0.00048,0,0,0.00048,0,0,0
19.2,0,0,0,0,0,0,0.00024,0,0,0,0,0,0,0,0,0,0.00096,0,0,0.00528,0,0,0
19.3,0,0,0.00983,0,0,0,0,0.01367,0,0,0,0,0,0,0,0,0,0,0,0,0,0,0
20,0,0,0.12062,0,0,0.01966,0,0,0,0,0.15156,0,0.00072,0,0,0,0.13405,0,0.00743,0.04844,0,0,0.01439
20.1,0,0,0,0,0,0,0,0,0,0,0,0,0,0,0,0,0,0,0,0.00048,0,0,0
20.2,0,0,0.00024,0,0,0,0,0,0,0,0,0,0,0,0,0,0.00024,0,0,0.01559,0,0,0
20.3,0,0,0.00048,0,0,0,0,0.00096,0,0,0,0,0,0,0,0,0,0,0,0.00024,0,0,0
21,0,0,0.13094,0,0,0.00911,0,0,0,0,0.03046,0,0,0,0,0,0.16691,0,0.00288,0.03213,0,0,0.00072
21.2,0,0,0,0,0,0,0,0,0,0,0,0,0,0,0,0,0.00312,0,0,0.01775,0,0,0
22,0,0,0.10144,0,0,0.00432,0,0,0,0,0.03141,0,0,0,0,0,0.17218,0,0.00072,0.00863,0,0,0
22.1,0,0,0,0,0,0,0,0,0,0,0,0,0,0,0,0,0.00024,0,0,0,0,0,0
22.2,0,0,0,0,0,0,0,0,0,0,0,0,0,0,0,0,0.00743,0,0,0.02854,0,0,0
23,0,0,0.07506,0,0,0.00096,0,0,0,0,0.09376,0,0,0,0,0,0.14724,0,0.00048,0.00264,0,0,0
23.2,0,0,0,0,0,0,0,0,0,0,0,0,0,0,0,0,0.00336,0,0,0.0271,0,0,0
24,0,0,0.03693,0,0,0.00144,0,0,0,0,0.12278,0,0,0,0,0,0.13765,0,0,0.00072,0,0,0
24.2,0,0,0,0,0,0,0,0,0.00024,0,0,0,0,0,0,0,0.0012,0,0,0.03213,0,0,0
25,0,0,0.01559,0,0,0,0,0,0,0,0.11247,0,0,0,0,0,0.10264,0,0,0,0,0,0
25.2,0,0,0,0,0,0,0,0,0.00024,0,0,0,0,0,0,0,0,0,0,0.03573,0,0,0
25.3,0,0,0,0,0,0,0,0,0,0,0,0,0,0,0,0,0,0,0,0.00096,0,0,0
26,0,0,0.0036,0,0,0,0,0,0.00168,0,0.02158,0,0,0,0,0,0.03741,0,0,0,0,0,0
26.2,0,0,0,0,0,0,0,0,0,0,0,0,0,0,0,0,0,0,0,0.06355,0,0,0
27,0,0,0.00144,0,0,0,0,0,0.04293,0,0.00168,0,0,0,0,0,0.0048,0,0,0.00048,0,0,0
27.2,0,0,0,0,0,0,0,0,0,0,0,0,0,0,0,0,0,0,0,0.08513,0,0,0
27.3,0,0,0,0,0,0,0,0,0,0,0,0,0,0,0,0,0,0,0,0.00024,0,0,0
28,0,0,0.00024,0,0,0,0,0,0.1693,0,0.00096,0,0,0,0,0,0.00024,0,0,0,0,0,0
28.2,0,0,0,0,0,0,0,0,0.00024,0,0,0,0,0,0,0,0,0,0,0.08321,0,0,0
29,0,0,0.00024,0,0,0,0,0,0.2012,0,0,0,0,0,0,0,0,0,0,0,0,0,0
29.2,0,0,0,0,0,0,0,0,0.00072,0,0,0,0,0,0,0,0,0,0,0.07218,0,0,0
29.3,0,0,0,0,0,0,0,0,0.00048,0,0,0,0,0,0,0,0,0,0,0,0,0,0
30,0,0,0,0,0,0,0,0,0.25875,0,0,0,0,0,0,0,0,0,0,0,0,0,0
30.2,0,0,0,0,0,0,0,0,0.03285,0,0,0,0,0,0,0,0,0,0,0.05659,0,0,0
31,0,0,0,0,0,0,0,0,0.09161,0,0,0,0,0,0,0,0,0,0,0.00024,0,0,0
31.2,0,0,0,0,0,0,0,0,0.07794,0,0,0,0,0,0,0,0,0,0,0.02662,0,0,0
32,0,0,0,0,0,0,0,0,0.01607,0,0,0,0,0,0,0,0,0,0,0.00192,0,0,0
32.2,0,0,0,0,0,0,0,0,0.07338,0,0,0,0,0,0,0,0,0,0,0.01103,0,0,0
33,0,0,0,0,0,0,0,0,0.00288,0,0,0,0,0,0,0,0,0,0,0.00959,0,0,0
33.2,0,0,0,0,0,0,0,0,0.02614,0,0,0,0,0,0,0,0,0,0,0.00456,0,0,0
34,0,0,0,0,0,0,0,0,0.00024,0,0,0,0,0,0,0,0,0,0,0.0024,0,0,0
34.1,0,0,0,0,0,0,0,0,0.00048,0,0,0,0,0,0,0,0,0,0,0,0,0,0
34.2,0,0,0,0,0,0,0,0,0.00192,0,0,0,0,0,0,0,0,0,0,0.00072,0,0,0
35,0,0,0,0,0,0,0,0,0.00048,0,0,0,0,0,0,0,0,0,0,0.0012,0,0,0
35.2,0,0,0,0,0,0,0,0,0.00024,0,0,0,0,0,0,0,0,0,0,0.00048,0,0,0
36,0,0,0,0,0,0,0,0,0,0,0,0,0,0,0,0,0,0,0,0.00048,0,0,0
37,0,0,0,0,0,0,0,0,0,0,0,0,0,0,0,0,0,0,0,0.00024,0,0,0
