"Allele","CSF1PO","D10S1248","D12S391","D13S317","D16S539","D18S51","D19S433","D1S1656","D21S11","D22S1045","D2S1338","D2S441","D3S1358","D5S818","D7S820","D8S1179","FGA","PENTAD","PENTAE","TH01","TPOX","VWA"
5,0,0,0,0,0,0,0,0,0,0,0,0,0,0,0,0,0,0,0.089,0,0.002,0
6,0,0,0,0,0,0,0,0,0,0,0,0,0,0,0.002,0,0,0,0,0.215,0.002,0
7,0.003,0,0,0,0,0,0,0,0,0,0,0,0,0,0.022,0,0,0.005,0.147,0.17,0.003,0
8,0.003,0,0,0.12,0.03,0,0,0,0,0,0,0,0,0.003,0.186,0.018,0,0.012,0.012,0.12,0.498,0
9,0.035,0,0,0.074,0.124,0.002,0,0,0,0,0,0,0,0.034,0.129,0.015,0,0.188,0.015,0.163,0.157,0
9.3,0,0,0,0,0,0,0,0,0,0,0,0,0,0,0,0,0,0,0,0.317,0,0
10,0.285,0.002,0,0.067,0.045,0.008,0,0.003,0,0.002,0,0.144,0,0.061,0.26,0.092,0,0.127,0.104,0.015,0.056,0
11,0.31,0.005,0,0.294,0.29,0.018,0.008,0.079,0,0.147,0,0.328,0,0.333,0.229,0.063,0,0.193,0.12,0,0.257,0
11.3,0,0,0,0,0,0,0,0,0,0,0,0.076,0,0,0,0,0,0,0,0,0,0
12,0.295,0.023,0,0.283,0.282,0.117,0.102,0.155,0,0.005,0,0.062,0.002,0.384,0.134,0.117,0,0.18,0.167,0,0.023,0
12.2,0,0,0,0,0,0,0.002,0,0,0,0,0,0,0,0,0,0,0,0,0,0,0
12.3,0,0,0,0,0,0,0,0,0,0,0,0.005,0,0,0,0,0,0,0,0,0,0
13,0.056,0.294,0,0.114,0.205,0.155,0.272,0.043,0,0.008,0,0.023,0,0.178,0.03,0.328,0,0.208,0.125,0,0.002,0
13.2,0,0,0,0,0,0,0.008,0,0,0,0,0,0,0,0,0,0,0,0,0,0,0
13.3,0,0,0,0,0,0,0,0,0,0,0,0.002,0,0,0,0,0,0,0,0,0,0
14,0.013,0.305,0,0.048,0.022,0.162,0.312,0.091,0,0.048,0,0.295,0.057,0.007,0.008,0.191,0.002,0.054,0.061,0,0,0.104
14.2,0,0,0,0,0,0,0.037,0,0,0,0,0,0,0,0,0,0,0,0,0,0,0
14.3,0,0,0,0,0,0,0,0.002,0,0,0,0,0,0,0,0,0,0,0,0,0,0
15,0,0.157,0.045,0,0.002,0.14,0.135,0.149,0,0.417,0,0.058,0.248,0,0,0.138,0,0.018,0.047,0,0,0.111
15.2,0,0,0,0,0,0,0.043,0,0,0,0,0,0,0,0,0,0,0,0,0,0,0
15.3,0,0,0,0,0,0,0,0.069,0,0,0,0,0,0,0,0,0,0,0,0,0,0
16,0,0.145,0.05,0,0,0.139,0.048,0.137,0,0.277,0.048,0.007,0.243,0,0,0.038,0,0.01,0.028,0,0,0.221
16.2,0,0,0,0,0,0,0.018,0,0,0,0,0,0,0,0,0,0,0,0,0,0,0
16.3,0,0,0,0,0,0,0,0.051,0,0,0,0,0,0,0,0,0,0,0,0,0,0
17,0,0.06,0.086,0,0,0.125,0.008,0.053,0,0.089,0.267,0,0.239,0,0,0,0.002,0.005,0.041,0,0,0.261
17.2,0,0,0,0,0,0,0.002,0,0,0,0,0,0,0,0,0,0,0,0,0,0,0
17.3,0,0,0.011,0,0,0,0,0.107,0,0,0,0,0,0,0,0,0,0,0,0,0,0
18,0,0.007,0.21,0,0,0.053,0.003,0.008,0,0.007,0.09,0,0.191,0,0,0,0.007,0,0.021,0,0,0.206
18.2,0,0,0,0,0,0,0.002,0,0,0,0,0,0,0,0,0,0,0,0,0,0,0
18.3,0,0,0.036,0,0,0,0,0.045,0,0,0,0,0,0,0,0,0,0,0,0,0,0
19,0,0.002,0.132,0,0,0.043,0,0.005,0,0,0.087,0,0.017,0,0,0,0.066,0,0.012,0,0,0.083
19.3,0,0,0.007,0,0,0,0,0.003,0,0,0,0,0,0,0,0,0,0,0,0,0,0
20,0,0,0.097,0,0,0.021,0,0,0,0,0.144,0,0.003,0,0,0,0.122,0,0.008,0,0,0.014
20.2,0,0,0,0,0,0,0,0,0,0,0,0,0,0,0,0,0.002,0,0,0,0,0
20.3,0,0,0.002,0,0,0,0,0,0,0,0,0,0,0,0,0,0,0,0,0,0,0
21,0,0,0.097,0,0,0.01,0,0,0,0,0.036,0,0,0,0,0,0.182,0,0,0,0,0
21.2,0,0,0,0,0,0,0,0,0,0,0,0,0,0,0,0,0.005,0,0,0,0,0
22,0,0,0.091,0,0,0.007,0,0,0,0,0.033,0,0,0,0,0,0.145,0,0.003,0,0,0
22.2,0,0,0,0,0,0,0,0,0,0,0,0,0,0,0,0,0.003,0,0,0,0,0
23,0,0,0.081,0,0,0,0,0,0,0,0.096,0,0,0,0,0,0.18,0,0,0,0,0
23.2,0,0,0,0,0,0,0,0,0,0,0,0,0,0,0,0,0.005,0,0,0,0,0
24,0,0,0.033,0,0,0,0,0,0,0,0.106,0,0,0,0,0,0.142,0,0,0,0,0
24.2,0,0,0,0,0,0,0,0,0,0,0,0,0,0,0,0,0.002,0,0,0,0,0
25,0,0,0.015,0,0,0,0,0,0,0,0.068,0,0,0,0,0,0.085,0,0,0,0,0
26,0,0,0.003,0,0,0,0,0,0,0,0.023,0,0,0,0,0,0.04,0,0,0,0,0
27,0,0,0.002,0,0,0,0,0,0.033,0,0,0,0,0,0,0,0.008,0,0,0,0,0
28,0,0,0.002,0,0,0,0,0,0.137,0,0,0,0,0,0,0,0.002,0,0,0,0,0
29,0,0,0,0,0,0,0,0,0.229,0,0,0,0,0,0,0,0,0,0,0,0,0
29.2,0,0,0,0,0,0,0,0,0.002,0,0,0,0,0,0,0,0,0,0,0,0,0
30,0,0,0,0,0,0,0,0,0.244,0,0,0,0,0,0,0,0,0,0,0,0,0
30.2,0,0,0,0,0,0,0,0,0.025,0,0,0,0,0,0,0,0,0,0,0,0,0
31,0,0,0,0,0,0,0,0,0.071,0,0,0,0,0,0,0,0,0,0,0,0,0
31.2,0,0,0,0,0,0,0,0,0.102,0,0,0,0,0,0,0,0,0,0,0,0,0
32,0,0,0,0,0,0,0,0,0.008,0,0,0,0,0,0,0,0,0,0,0,0,0
32.2,0,0,0,0,0,0,0,0,0.116,0,0,0,0,0,0,0,0,0,0,0,0,0
33.2,0,0,0,0,0,0,0,0,0.03,0,0,0,0,0,0,0,0,0,0,0,0,0
34,0,0,0,0,0,0,0,0,0,0,0.002,0,0,0,0,0,0,0,0,0,0,0
34.2,0,0,0,0,0,0,0,0,0.003,0,0,0,0,0,0,0,0,0,0,0,0,0
