"Allele","CSF1PO","D13S317","D16S539","D18S51","D19S433","D21S11","D2S1338","D3S1358","D5S818","D7S820","D8S1179","FGA","PENTAD","PENTAE","TH01","TPOX","VWA"
5,0,0,0,0,0,0,0,0,0,0,0,0,5e-04,0.0519,0,0,0
6,0,0,0,0,0,0,0,0,0,0,0,0,0.001,0,0.0871,0,0
7,5e-04,0.0021,0,0,0,0,0,0,0.011,0.0136,0,0,0.0147,0.0273,0.2183,0.0031,0
8,0.0016,0.1605,0.0236,0,0,0,0,0,0.0021,0.2267,0.0042,0,0.053,0.0089,0.0992,0.4517,0
8.1,0,0,0,0,0,0,0,0,0,5e-04,0,0,0,0,0,0,0
8.2,0,0,0,0,0,0,0,0,0,0.001,0,0,0,0,0,0,0
9,0.0645,0.1626,0.3027,0,0,0,0,0,0.1018,0.0787,0.0026,0,0.2256,0.0079,0.4848,0.1537,0
9.3,0,0,0,0,0,0,0,0,0,0,0,0,0,0,0.1013,0,0
10,0.1705,0.1647,0.0992,0.0021,0,0,0,0,0.1878,0.1459,0.0923,0,0.1621,0.0241,0.0094,0.0357,0
10.1,0,0,0,0,0,0,0,0,0,0.0037,0,0,0,0,0,0,0
11,0.2692,0.2497,0.2733,0.0079,0.0026,0,0,0,0.3263,0.2545,0.0509,0,0.2461,0.1417,0,0.3316,0
11.2,0,0,0,0,5e-04,0,0,0,0,0,0,0,0,0,0,0,0
11.3,0,0,0,0,5e-04,0,0,0,0,0,0,0,0,0,0,0,0
12,0.4029,0.1962,0.2104,0.0456,0.0414,0,0,0,0.2088,0.2408,0.1296,0,0.139,0.1128,0,0.0152,5e-04
12.2,0,0,0,0,0.0063,0,0,0,0,0,0,0,0,0,0,0,0
13,0.074,0.0514,0.0797,0.1952,0.2954,0,0,0,0.1569,0.032,0.2051,0,0.1144,0.0467,0,0.0079,5e-04
13.1,0,0,0,0,5e-04,0,0,0,0,0,0,0,0,0,0,0,0
13.2,0,0,0,0,0.0456,0,0,0,0,0,0,0,0,0,0,0,0
14,0.0152,0.0126,0.0105,0.2057,0.2812,0,0,0.0362,0.0052,0.0026,0.2282,0,0.0304,0.0923,0,0.001,0.1485
14.2,0,0,0,0,0.086,0,0,0,0,0,0,0,0,0,0,0,0
15,0.0016,0,5e-04,0.1469,0.0845,0,0,0.3237,0,0,0.1925,0,0.0121,0.1112,0,0,0.0289
15.2,0,0,0,0,0.1039,0,0,0,0,0,0,0,0,5e-04,0,0,0
16,0,0,0,0.1228,0.0262,0,0.0042,0.3478,0,0,0.0766,0,0.001,0.1233,0,0,0.265
16.2,0,0,0,0,0.022,0,0,5e-04,0,0,0,0,0,0,0,0,0
17,0,0,0,0.0493,0.0021,0,0.0493,0.1962,0,0,0.0178,5e-04,0,0.0703,0,0,0.2786
17.2,0,0,0,0,0.001,0,0,0,0,0,0,0,0,0,0,0,0
18,0,0,0,0.0446,0,0,0.118,0.0855,0,0,0,0.0399,0,0.0577,0,0,0.1695
19,0,0,0,0.0834,0,0,0.1899,0.0089,0,0,0,0.0745,0,0.0525,0,0,0.0892
20,0,0,0,0.0378,0,0,0.1186,0.001,0,0,0,0.0645,0,0.0315,0,0,0.0189
20.2,0,0,0,0,0,0,0,0,0,0,0,0.0021,0,0,0,0,0
21,0,0,0,0.0215,0,0,0.0409,0,0,0,0,0.0693,0,0.0178,0,0,0
21.2,0,0,0,0,0,0,0,0,0,0,0,0.0089,0,0,0,0,0
22,0,0,0,0.011,0,0,0.0519,0,0,0,0,0.1118,0,0.0094,0,0,5e-04
22.2,0,0,0,0,0,0,0,0,0,0,0,0.0073,0,0,0,0,0
23,0,0,0,0.0147,0,0,0.1784,0,0,0,0,0.1962,0,0.0063,0,0,0
23.2,0,0,0,0,0,0,0,0,0,0,0,0.0068,0,0,0,0,0
24,0,0,0,0.0068,0,0,0.1474,0,0,0,0,0.2046,0,0.0042,0,0,0
24.2,0,0,0,0,0,0,0,0,0,0,0,0.011,0,0,0,0,0
25,0,0,0,0.0031,0,0,0.0866,0,0,0,0,0.1175,0,0.0016,0,0,0
25.2,0,0,0,0,0,0,0,0,0,0,0,0.0068,0,0,0,0,0
26,0,0,0,0.001,0,5e-04,0.0131,0,0,0,0,0.0488,0,0,0,0,0
26.2,0,0,0,0,0,0,0,0,0,0,0,0.001,0,0,0,0,0
27,0,0,0,0,0,0.0068,5e-04,0,0,0,0,0.0184,0,0,0,0,0
27.2,0,0,0,0,0,5e-04,0,0,0,0,0,0,0,0,0,0,0
28,0,0,0,5e-04,0,0.0771,0.001,0,0,0,0,0.0084,0,0,0,0,0
28.2,0,0,0,0,0,0.0283,0,0,0,0,0,0,0,0,0,0,0
29,0,0,0,0,0,0.256,0,0,0,0,0,0.0016,0,0,0,0,0
29.2,0,0,0,0,0,0.0031,0,0,0,0,0,0,0,0,0,0,0
30,0,0,0,0,0,0.256,0,0,0,0,0,0,0,0,0,0,0
30.2,0,0,0,0,0,0.0157,0,0,0,0,0,0,0,0,0,0,0
31,0,0,0,0,0,0.0923,0,0,0,0,0,0,0,0,0,0,0
31.2,0,0,0,0,0,0.0714,0,0,0,0,0,0,0,0,0,0,0
32,0,0,0,0,0,0.0152,0,0,0,0,0,0,0,0,0,0,0
32.2,0,0,0,0,0,0.1201,0,0,0,0,0,0,0,0,0,0,0
33,0,0,0,0,0,0.001,0,0,0,0,0,0,0,0,0,0,0
33.1,0,0,0,0,0,0.001,0,0,0,0,0,0,0,0,0,0,0
33.2,0,0,0,0,0,0.0483,0,0,0,0,0,0,0,0,0,0,0
34,0,0,0,0,0,5e-04,0,0,0,0,0,0,0,0,0,0,0
34.1,0,0,0,0,0,0.001,0,0,0,0,0,0,0,0,0,0,0
34.2,0,0,0,0,0,0.0042,0,0,0,0,0,0,0,0,0,0,0
35.2,0,0,0,0,0,5e-04,0,0,0,0,0,0,0,0,0,0,0
