"Allele","CSF1PO","D12S391","D13S317","D16S539","D18S51","D19S433","D1S1656","D21S11","D2S1338","D3S1358","D5S818","D6S1043","D7S820","D8S1179","FGA","PENTAD","PENTAE","TH01","TPOX","VWA"
2.2,0,0,0,0,0,0,0,0,0,0,0,0,0,0,0,0.007463,0,0,0,0
5,0,0,0,0,0,0,0,0,0,0,0,0,0,0,0,0,0.033582,0,0,0
6,0,0,0,0,0,0,0,0,0,0,0,0,0,0,0,0,0,0.317164,0.003731,0
7,0,0,0,0,0,0,0,0,0,0,0.085821,0,0.007463,0,0,0.026119,0.123134,0.235075,0.003731,0
8,0,0,0.097015,0.014925,0,0,0,0,0,0,0.003731,0,0.048507,0.022388,0,0.003731,0.041045,0.108209,0.462687,0
9,0.026119,0,0.152985,0.156716,0,0,0,0,0,0,0.018657,0,0.085821,0.011194,0,0.160448,0.007463,0.119403,0.078358,0
9.3,0,0,0,0,0,0,0,0,0,0,0,0,0,0,0,0,0,0.216418,0,0
10,0.276119,0,0.070896,0.078358,0.003731,0,0.003731,0,0,0,0.052239,0.003731,0.298507,0.041045,0,0.264925,0.067164,0.003731,0.052239,0
11,0.253731,0,0.190299,0.298507,0.011194,0.007463,0.029851,0,0,0,0.410448,0.186567,0.317164,0.052239,0,0.108209,0.085821,0,0.279851,0
12,0.335821,0,0.264925,0.291045,0.123134,0.048507,0.100746,0,0,0.003731,0.317164,0.201493,0.197761,0.145522,0,0.149254,0.130597,0,0.115672,0
12.2,0,0,0,0,0,0.003731,0,0,0,0,0,0,0,0,0,0,0,0,0,0
13,0.097015,0,0.126866,0.126866,0.108209,0.231343,0.149254,0,0,0.003731,0.11194,0.097015,0.037313,0.257463,0,0.201493,0.089552,0,0,0
13.2,0,0,0,0,0,0.026119,0,0,0,0,0,0,0,0,0,0,0,0,0,0
14,0.011194,0,0.097015,0.033582,0.212687,0.291045,0.097015,0,0,0.067164,0,0.164179,0.007463,0.283582,0,0.070896,0.08209,0,0.003731,0.070896
14.2,0,0,0,0,0,0.026119,0,0,0,0,0,0,0,0,0,0,0,0,0,0
15,0,0.029851,0,0,0.119403,0.216418,0.13806,0,0,0.358209,0,0.018657,0,0.152985,0,0.003731,0.093284,0,0,0.11194
15.2,0,0,0,0,0,0.104478,0,0,0,0,0,0,0,0,0,0,0,0,0,0
15.3,0,0,0,0,0,0,0.033582,0,0,0,0,0,0,0,0,0,0,0,0,0
16,0,0.029851,0,0,0.11194,0.026119,0.156716,0,0.041045,0.264925,0,0.003731,0,0.029851,0,0.003731,0.05597,0,0,0.350746
16.2,0,0,0,0,0,0.014925,0,0,0,0,0,0,0,0,0,0,0,0,0,0
16.3,0,0,0,0,0,0,0.070896,0,0,0,0,0,0,0,0,0,0,0,0,0
16.4,0,0,0,0,0,0,0,0,0,0,0,0,0,0,0,0,0.003731,0,0,0
17,0,0.048507,0,0,0.141791,0.003731,0.041045,0,0.231343,0.149254,0,0.041045,0,0,0,0,0.05597,0,0,0.205224
17.3,0,0.022388,0,0,0,0,0.13806,0,0,0,0,0,0,0,0,0,0,0,0,0
18,0,0.171642,0,0,0.063433,0,0,0,0.085821,0.149254,0,0.05597,0,0.003731,0,0,0.022388,0,0,0.201493
18.3,0,0.026119,0,0,0,0,0.033582,0,0,0,0,0,0,0,0,0,0,0,0,0
19,0,0.242537,0,0,0.044776,0,0.003731,0,0.171642,0.003731,0,0.074627,0,0,0.052239,0,0.033582,0,0,0.05597
19.3,0,0.003731,0,0,0,0,0.003731,0,0,0,0,0,0,0,0,0,0,0,0,0
20,0,0.149254,0,0,0.022388,0,0,0,0.115672,0,0,0.026119,0,0,0.059701,0,0.052239,0,0,0.003731
20.3,0,0,0,0,0,0,0,0,0,0,0,0.014925,0,0,0,0,0,0,0,0
21,0,0.108209,0,0,0.018657,0,0,0,0.041045,0,0,0.011194,0,0,0.13806,0,0.018657,0,0,0
21.3,0,0,0,0,0,0,0,0,0,0,0,0.074627,0,0,0,0,0,0,0,0
22,0,0.070896,0,0,0.014925,0,0,0,0.044776,0,0,0,0,0,0.130597,0,0.003731,0,0,0
22.2,0,0,0,0,0,0,0,0,0,0,0,0,0,0,0.003731,0,0,0,0,0
22.3,0,0,0,0,0,0,0,0,0,0,0,0.022388,0,0,0,0,0,0,0,0
23,0,0.048507,0,0,0,0,0,0,0.11194,0,0,0,0,0,0.156716,0,0,0,0,0
23.2,0,0,0,0,0,0,0,0,0,0,0,0,0,0,0.003731,0,0,0,0,0
24,0,0.033582,0,0,0,0,0,0,0.097015,0,0,0,0,0,0.171642,0,0,0,0,0
24.3,0,0,0,0,0,0,0,0,0,0,0,0.003731,0,0,0,0,0,0,0,0
25,0,0.007463,0,0,0,0,0,0,0.05597,0,0,0,0,0,0.175373,0,0,0,0,0
25.2,0,0,0,0,0,0,0,0.003731,0,0,0,0,0,0,0,0,0,0,0,0
26,0,0.007463,0,0,0,0,0,0,0.003731,0,0,0,0,0,0.078358,0,0,0,0,0
27,0,0,0,0,0.003731,0,0,0.029851,0,0,0,0,0,0,0.022388,0,0,0,0,0
28,0,0,0,0,0,0,0,0.104478,0,0,0,0,0,0,0.007463,0,0,0,0,0
29,0,0,0,0,0,0,0,0.186567,0,0,0,0,0,0,0,0,0,0,0,0
30,0,0,0,0,0,0,0,0.328358,0,0,0,0,0,0,0,0,0,0,0,0
30.2,0,0,0,0,0,0,0,0.029851,0,0,0,0,0,0,0,0,0,0,0,0
31,0,0,0,0,0,0,0,0.052239,0,0,0,0,0,0,0,0,0,0,0,0
31.2,0,0,0,0,0,0,0,0.123134,0,0,0,0,0,0,0,0,0,0,0,0
32,0,0,0,0,0,0,0,0.007463,0,0,0,0,0,0,0,0,0,0,0,0
32.2,0,0,0,0,0,0,0,0.093284,0,0,0,0,0,0,0,0,0,0,0,0
33.2,0,0,0,0,0,0,0,0.037313,0,0,0,0,0,0,0,0,0,0,0,0
35,0,0,0,0,0,0,0,0.003731,0,0,0,0,0,0,0,0,0,0,0,0
