Allele,CSF1PO,D13S317,D16S539,D18S51,D21S11,D3S1358,D5S818,D7S820,D8S1179,FGA,TH01,TPOX,VWA
5,0,0,0,0,0,0,0,0,0,0,0.0061,0,0
6,0,0,0,0,0,0,0,0,0,0,0.1829,0.0976,0
7,0.0671,0,0,0,0,0,0.0118,0.006,0,0,0.311,0.0122,0
8,0.0549,0.0536,0.061,0,0,0,0.0235,0.2083,0.0063,0,0.2073,0.3232,0
9,0.0244,0.0476,0.1646,0,0,0,0.0294,0.1131,0,0,0.2073,0.1646,0
9.3,0,0,0,0,0,0,0,0,0,0,0.0732,0,0
10,0.2744,0.0536,0.128,0,0,0,0.1529,0.3333,0.05,0,0.0122,0.0671,0
11,0.2134,0.2798,0.2866,0.0256,0,0,0.2941,0.2202,0.075,0,0,0.2866,0.0059
12,0.2744,0.3214,0.1768,0.0833,0,0,0.3235,0.1012,0.1563,0,0,0.0488,0
13,0.0793,0.1607,0.1463,0.1026,0,0,0.1353,0.0179,0.2313,0,0,0,0.0059
13.2,0,0,0,0.0064,0,0,0,0,0,0,0,0,0
14,0.0122,0.0833,0.0366,0.109,0,0.0563,0.0235,0,0.25,0,0,0,0.0882
15,0,0,0,0.1538,0,0.3125,0,0,0.175,0,0,0,0.1412
16,0,0,0,0.2115,0,0.3188,0.0059,0,0.0563,0,0,0,0.2941
17,0,0,0,0.0513,0,0.2,0,0,0,0,0,0,0.2647
18,0,0,0,0.0577,0,0.1125,0,0,0,0.0125,0,0,0.1353
19,0,0,0,0.0897,0,0,0,0,0,0.0563,0,0,0.0471
20,0,0,0,0.0705,0,0,0,0,0,0.0938,0,0,0.0176
21,0,0,0,0.0385,0,0,0,0,0,0.1,0,0,0
22,0,0,0,0,0,0,0,0,0,0.1688,0,0,0
23,0,0,0,0,0,0,0,0,0,0.1625,0,0,0
24,0,0,0,0,0,0,0,0,0,0.2063,0,0,0
25,0,0,0,0,0,0,0,0,0,0.1063,0,0,0
26,0,0,0,0,0,0,0,0,0,0.0438,0,0,0
27,0,0,0,0,0.0625,0,0,0,0,0.0188,0,0,0
28,0,0,0,0,0.225,0,0,0,0,0.0125,0,0,0
29,0,0,0,0,0.2,0,0,0,0,0.0063,0,0,0
29.2,0,0,0,0,0.0063,0,0,0,0,0,0,0,0
30,0,0,0,0,0.175,0,0,0,0,0,0,0,0
30.2,0,0,0,0,0.0125,0,0,0,0,0,0,0,0
31,0,0,0,0,0.05,0,0,0,0,0.0125,0,0,0
31.2,0,0,0,0,0.0813,0,0,0,0,0,0,0,0
32,0,0,0,0,0.0313,0,0,0,0,0,0,0,0
32.2,0,0,0,0,0.0688,0,0,0,0,0,0,0,0
33,0,0,0,0,0.0063,0,0,0,0,0,0,0,0
33.2,0,0,0,0,0.05,0,0,0,0,0,0,0,0
34,0,0,0,0,0.0188,0,0,0,0,0,0,0,0
35,0,0,0,0,0.0125,0,0,0,0,0,0,0,0