"Allele","CSF1PO","D10S1248","D12S391","D13S317","D16S539","D18S51","D19S433","D1S1656","D21S11","D22S1045","D2S1338","D2S441","D3S1358","D5S818","D6S1043","D7S820","D8S1179","FGA","PENTAD","PENTAE","SE33","TH01","TPOX","VWA"
2.2,0,0,0,0,0,0,0,0,0,0,0,0,0,0,0,0,0,0,0.004155125,0,0,0,0,0
5,0,0,0,0,0,0,0,0,0,0,0,0,0,0,0,0,0,0,0,0.076177285,0,0.001385042,0.001385042,0
6,0,0,0,0,0,0,0,0,0,0,0,0,0,0,0,0,0,0,0.004155125,0,0,0.235457064,0.001385042,0
7,0,0,0,0,0,0,0,0,0,0,0,0,0,0.002770083,0,0.027700831,0,0,0.004155125,0.168975069,0,0.193905817,0,0
8,0.005540166,0,0,0.120498615,0.01800554,0,0,0,0,0,0,0,0,0.005540166,0.001385042,0.144044321,0.013850416,0,0.020775623,0.013850416,0,0.095567867,0.524930748,0
8.1,0,0,0,0,0,0,0,0,0,0,0,0,0,0,0,0.001385042,0,0,0,0,0,0,0,0
9,0.013850416,0,0,0.077562327,0.106648199,0,0,0,0,0,0,0.001385042,0,0.041551247,0,0.167590028,0.005540166,0,0.221606648,0.012465374,0,0.119113573,0.127423823,0
9.1,0,0,0,0,0,0,0,0,0,0,0,0.001385042,0,0,0,0,0,0,0,0,0,0,0,0
9.3,0,0,0,0,0,0,0,0,0,0,0,0,0,0,0,0,0,0,0,0,0,0.344875346,0,0
10,0.220221607,0,0,0.047091413,0.056786704,0.008310249,0.001385042,0.002770083,0,0,0,0.210526316,0,0.055401662,0.016620499,0.256232687,0.102493075,0,0.114958449,0.085872576,0,0.008310249,0.049861496,0
11,0.308864266,0.001385042,0,0.325484765,0.314404432,0.009695291,0.005540166,0.077562327,0,0.139889197,0,0.343490305,0.001385042,0.355955679,0.296398892,0.20498615,0.076177285,0,0.126038781,0.087257618,0.001385042,0.001385042,0.252077562,0
11.3,0,0,0,0,0,0,0,0,0,0,0,0.060941828,0,0,0,0,0,0,0,0,0,0,0,0
12,0.360110803,0.031855956,0,0.268698061,0.314404432,0.113573407,0.070637119,0.11634349,0,0.012465374,0,0.047091413,0,0.387811634,0.236842105,0.159279778,0.167590028,0,0.232686981,0.199445983,0.006925208,0,0.041551247,0.001385042
12.2,0,0,0,0,0,0,0.001385042,0,0,0,0,0,0,0,0,0,0,0,0,0,0,0,0,0
12.3,0,0,0,0,0,0,0,0,0,0,0,0.004155125,0,0,0,0,0,0,0,0,0,0,0,0
13,0.081717452,0.307479224,0,0.11634349,0.163434903,0.123268698,0.254847645,0.066481994,0,0.006925208,0,0.029085873,0.001385042,0.14265928,0.085872576,0.034626039,0.329639889,0,0.1966759,0.085872576,0.016620499,0,0.001385042,0.001385042
13.2,0,0,0,0,0,0,0.006925208,0,0,0,0,0,0,0,0,0,0,0,0,0,0,0,0,0
14,0.009695291,0.297783934,0,0.042936288,0.026315789,0.13434903,0.361495845,0.078947368,0,0.056786704,0,0.24099723,0.106648199,0.006925208,0.055401662,0.004155125,0.166204986,0,0.060941828,0.06232687,0.024930748,0,0,0.092797784
14.2,0,0,0,0,0,0.001385042,0.023545706,0,0,0,0,0,0,0,0,0,0,0,0,0,0.002770083,0,0,0
14.3,0,0,0,0,0,0,0,0.002770083,0,0,0,0,0,0,0,0,0,0,0,0,0,0,0,0
15,0,0.1966759,0.031855956,0.001385042,0,0.170360111,0.156509695,0.149584488,0,0.32132964,0.001385042,0.059556787,0.272853186,0.001385042,0.012465374,0,0.103878116,0,0.009695291,0.042936288,0.040166205,0,0,0.105263158
15.2,0,0,0,0,0,0,0.03601108,0,0,0,0,0,0,0,0,0,0,0,0,0,0,0,0,0
15.3,0,0,0,0,0,0,0,0.058171745,0,0,0,0,0,0,0,0,0,0,0,0,0,0,0,0
15.4,0,0,0,0,0,0,0,0,0,0,0,0,0,0,0,0,0,0,0,0.001385042,0,0,0,0
16,0,0.132963989,0.022160665,0,0,0.146814404,0.056786704,0.135734072,0,0.382271468,0.037396122,0.001385042,0.238227147,0,0.004155125,0,0.033240997,0,0.002770083,0.051246537,0.040166205,0,0,0.200831025
16.2,0,0,0,0,0,0.001385042,0.015235457,0,0,0,0,0,0,0,0,0,0,0,0,0,0.001385042,0,0,0
16.3,0,0,0,0,0,0,0,0.060941828,0,0,0,0,0,0,0,0,0,0,0,0,0,0,0,0
17,0,0.027700831,0.127423823,0,0,0.138504155,0.006925208,0.047091413,0,0.074792244,0.185595568,0,0.210526316,0,0.060941828,0,0.001385042,0,0.001385042,0.048476454,0.06232687,0,0,0.283933518
17.2,0,0,0,0,0,0,0.001385042,0,0,0,0,0,0,0,0,0,0,0,0,0,0,0,0,0
17.3,0,0,0.020775623,0,0,0,0,0.132963989,0,0,0,0,0,0,0,0,0,0,0,0,0.001385042,0,0,0
18,0,0.001385042,0.171745152,0,0,0.077562327,0,0.005540166,0,0.005540166,0.073407202,0,0.150969529,0,0.088642659,0,0,0.024930748,0,0.033240997,0.073407202,0,0,0.202216066
18.2,0,0,0,0,0,0,0.001385042,0,0,0,0,0,0,0,0,0,0,0,0,0,0,0,0,0
18.3,0,0,0.024930748,0,0,0,0,0.049861496,0,0,0,0,0,0,0,0,0,0,0,0,0,0,0,0
19,0,0.002770083,0.12465374,0,0,0.040166205,0,0,0,0,0.120498615,0,0.016620499,0,0.09833795,0,0,0.049861496,0,0.015235457,0.072022161,0,0,0.103878116
19.2,0,0,0,0,0,0,0,0,0,0,0,0,0,0,0,0,0,0,0,0,0.004155125,0,0,0
19.3,0,0,0.004155125,0,0,0,0,0.015235457,0,0,0,0,0,0,0,0,0,0,0,0,0,0,0,0
20,0,0,0.110803324,0,0,0.01800554,0,0,0,0,0.156509695,0,0.001385042,0,0.031855956,0,0,0.123268698,0,0.009695291,0.058171745,0,0,0.006925208
20.2,0,0,0,0,0,0,0,0,0,0,0,0,0,0,0,0,0,0,0,0,0.009695291,0,0,0
21,0,0,0.128808864,0,0,0.009695291,0,0,0,0,0.037396122,0,0,0,0.009695291,0,0,0.17867036,0,0.002770083,0.024930748,0,0,0.001385042
21.2,0,0,0,0,0,0,0,0,0,0,0,0,0,0,0,0,0,0.005540166,0,0,0.023545706,0,0,0
22,0,0,0.095567867,0,0,0.006925208,0,0,0,0,0.034626039,0,0,0,0.001385042,0,0,0.20498615,0,0.001385042,0.013850416,0,0,0
22.2,0,0,0,0,0,0,0,0,0,0,0,0,0,0,0,0,0,0.012465374,0,0,0.037396122,0,0,0
23,0,0,0.069252078,0,0,0,0,0,0,0,0.105263158,0,0,0,0,0,0,0.152354571,0,0,0.002770083,0,0,0
23.2,0,0,0,0,0,0,0,0,0,0,0,0,0,0,0,0,0,0.002770083,0,0,0.03601108,0,0,0
24,0,0,0.047091413,0,0,0,0,0,0,0,0.114958449,0,0,0,0,0,0,0.13434903,0,0.001385042,0.001385042,0,0,0
24.2,0,0,0,0,0,0,0,0,0,0,0,0,0,0,0,0,0,0.001385042,0,0,0.022160665,0,0,0
25,0,0,0.016620499,0,0,0,0,0,0,0,0.102493075,0,0,0,0,0,0,0.078947368,0,0,0,0,0,0
25.2,0,0,0,0,0,0,0,0,0.001385042,0,0,0,0,0,0,0,0,0,0,0,0.041551247,0,0,0
26,0,0,0.002770083,0,0,0,0,0,0,0,0.030470914,0,0,0,0,0,0,0.026315789,0,0,0,0,0,0
26.2,0,0,0,0,0,0,0,0,0,0,0,0,0,0,0,0,0,0,0,0,0.041551247,0,0,0
27,0,0,0.001385042,0,0,0,0,0,0.022160665,0,0,0,0,0,0,0,0,0.004155125,0,0,0,0,0,0
27.2,0,0,0,0,0,0,0,0,0,0,0,0,0,0,0,0,0,0,0,0,0.094182825,0,0,0
28,0,0,0,0,0,0,0,0,0.159279778,0,0,0,0,0,0,0,0,0,0,0,0,0,0,0
28.2,0,0,0,0,0,0,0,0,0,0,0,0,0,0,0,0,0,0,0,0,0.076177285,0,0,0
28.3,0,0,0,0,0,0,0,0,0,0,0,0,0,0,0,0,0,0,0,0,0.001385042,0,0,0
29,0,0,0,0,0,0,0,0,0.202216066,0,0,0,0,0,0,0,0,0,0,0,0,0,0,0
29.2,0,0,0,0,0,0,0,0,0.002770083,0,0,0,0,0,0,0,0,0,0,0,0.055401662,0,0,0
30,0,0,0,0,0,0,0,0,0.282548476,0,0,0,0,0,0,0,0,0,0,0,0,0,0,0
30.2,0,0,0,0,0,0,0,0,0.029085873,0,0,0,0,0,0,0,0,0,0,0,0.056786704,0,0,0
31,0,0,0,0,0,0,0,0,0.072022161,0,0,0,0,0,0,0,0,0,0,0,0.002770083,0,0,0
31.2,0,0,0,0,0,0,0,0,0.09833795,0,0,0,0,0,0,0,0,0,0,0,0.023545706,0,0,0
32,0,0,0,0,0,0,0,0,0.005540166,0,0,0,0,0,0,0,0,0,0,0,0.001385042,0,0,0
32.2,0,0,0,0,0,0,0,0,0.090027701,0,0,0,0,0,0,0,0,0,0,0,0.012465374,0,0,0
33,0,0,0,0,0,0,0,0,0.001385042,0,0,0,0,0,0,0,0,0,0,0,0.001385042,0,0,0
33.2,0,0,0,0,0,0,0,0,0.026315789,0,0,0,0,0,0,0,0,0,0,0,0.004155125,0,0,0
34,0,0,0,0,0,0,0,0,0,0,0,0,0,0,0,0,0,0,0,0,0.008310249,0,0,0
34.2,0,0,0,0,0,0,0,0,0.004155125,0,0,0,0,0,0,0,0,0,0,0,0.001385042,0,0,0
35,0,0,0,0,0,0,0,0,0.001385042,0,0,0,0,0,0,0,0,0,0,0,0,0,0,0
36,0,0,0,0,0,0,0,0,0.001385042,0,0,0,0,0,0,0,0,0,0,0,0,0,0,0
