"Allele","CSF1PO","D13S317","D16S539","D18S51","D21S11","D3S1358","D5S818","D7S820","D8S1179","FGA","TH01","TPOX","VWA"
6,0,0,0,0,0,0,0,0,0,0,0.0901,0,0
7,0.0045,0.0045,0,0,0,0,0.027,0.0045,0,0,0.2928,0,0
8,0,0.2342,0,0,0,0,0,0.1126,0,0,0.0631,0.5315,0
9,0.0541,0.1622,0.2703,0,0,0,0.0946,0.0541,0,0,0.464,0.1261,0
9.1,0,0,0,0,0,0,0,0.0045,0,0,0,0,0
9.3,0,0,0,0,0,0,0,0,0,0,0.045,0,0
10,0.2162,0.1577,0.1081,0.009,0,0,0.1532,0.1532,0.0766,0,0.045,0.0405,0
11,0.2748,0.2477,0.3063,0,0,0,0.3468,0.3378,0.1081,0,0,0.2748,0
12,0.3649,0.1396,0.2387,0.018,0,0,0.2477,0.2658,0.1622,0,0,0.027,0
13,0.0811,0.045,0.0405,0.1577,0,0,0.1081,0.0676,0.1712,0,0,0,0
14,0.0045,0.009,0.036,0.2297,0,0.0495,0.0135,0,0.1982,0,0,0,0.2477
15,0,0,0,0.1802,0,0.3784,0.009,0,0.1847,0,0,0,0.0225
16,0,0,0,0.1081,0,0.2883,0,0,0.0766,0,0,0,0.2027
17,0,0,0,0.1036,0,0.2252,0,0,0.0135,0.009,0,0,0.2387
18,0,0,0,0.0405,0,0.0541,0,0,0.009,0.0315,0,0,0.1757
19,0,0,0,0.045,0,0.0045,0,0,0,0.045,0,0,0.0991
20,0,0,0,0.0405,0,0,0,0,0,0.0631,0,0,0.0135
21,0,0,0,0.0315,0,0,0,0,0,0.1261,0,0,0
21.2,0,0,0,0,0,0,0,0,0,0.0045,0,0,0
22,0,0,0,0.018,0,0,0,0,0,0.1532,0,0,0
23,0,0,0,0.018,0,0,0,0,0,0.2252,0,0,0
23.2,0,0,0,0,0,0,0,0,0,0.009,0,0,0
24,0,0,0,0,0,0,0,0,0,0.1712,0,0,0
24.2,0,0,0,0,0,0,0,0,0,0.0045,0,0,0
24.3,0,0,0,0,0,0,0,0,0,0.0045,0,0,0
25,0,0,0,0,0,0,0,0,0,0.1036,0,0,0
25.2,0,0,0,0,0,0,0,0,0,0.009,0,0,0
26,0,0,0,0,0,0,0,0,0,0.0315,0,0,0
26.2,0,0,0,0,0,0,0,0,0,0.009,0,0,0
28,0,0,0,0,0.0495,0,0,0,0,0,0,0,0
28.2,0,0,0,0,0.0045,0,0,0,0,0,0,0,0
29,0,0,0,0,0.2703,0,0,0,0,0,0,0,0
30,0,0,0,0,0.2703,0,0,0,0,0,0,0,0
30.2,0,0,0,0,0.009,0,0,0,0,0,0,0,0
30.3,0,0,0,0,0.0135,0,0,0,0,0,0,0,0
31,0,0,0,0,0.0495,0,0,0,0,0,0,0,0
31.2,0,0,0,0,0.0991,0,0,0,0,0,0,0,0
32,0,0,0,0,0.0405,0,0,0,0,0,0,0,0
32.2,0,0,0,0,0.1396,0,0,0,0,0,0,0,0
33.2,0,0,0,0,0.0541,0,0,0,0,0,0,0,0
