"Allele","CSF1PO","D10S1248","D12S391","D13S317","D16S539","D18S51","D19S433","D1S1656","D21S11","D22S1045","D2S1338","D2S441","D3S1358","D5S818","D7S820","D8S1179","FGA","PENTA.D","PENTA.E","SE33","TH01","TPOX","VWA"
2.2,0,0,0,0,0,0,0,0,0,0,0,0,0,0,0,0,0,0.014354,0,0,0,0,0
5,0,0,0,0,0,0,0,0,0,0,0,0,0,0,0,0,0,0.004785,0.035885,0,0.002392,0,0
6,0,0,0,0,0,0,0,0,0,0,0,0,0,0,0.002392,0,0,0,0.002392,0,0.232057,0.004785,0
7,0.002392,0,0,0,0,0,0,0,0,0,0,0,0,0.062201,0.021531,0,0,0.002392,0.088517,0,0.337321,0.004785,0
8,0,0,0,0.07177,0.016746,0,0,0,0,0,0,0,0,0.002392,0.098086,0.002392,0,0.019139,0.014354,0,0.08134,0.555024,0
9,0.007177,0.004785,0,0.222488,0.078947,0.002392,0.002392,0,0,0,0,0.007177,0,0.057416,0.047847,0.002392,0,0.198565,0.009569,0,0.102871,0.033493,0
9.1,0,0,0,0,0,0,0,0,0,0,0,0.002392,0,0,0,0,0,0,0,0,0,0,0
9.3,0,0,0,0,0,0,0,0,0,0,0,0,0,0,0,0,0,0,0,0,0.241627,0,0
10,0.253589,0.002392,0,0.100478,0.177033,0.002392,0,0,0,0.007177,0,0.435407,0,0.064593,0.30622,0.098086,0,0.210526,0.035885,0,0.002392,0.033493,0
11,0.26555,0.002392,0,0.198565,0.315789,0.011962,0.004785,0.033493,0,0.090909,0,0.255981,0,0.42823,0.289474,0.066986,0,0.138756,0.07177,0,0,0.272727,0.002392
11.2,0,0,0,0,0,0,0.002392,0,0,0,0,0,0,0,0,0,0,0,0,0,0,0,0
11.3,0,0,0,0,0,0,0,0,0,0,0,0.04067,0,0,0,0,0,0,0,0,0,0,0
12,0.392344,0.023923,0,0.215311,0.287081,0.107656,0.07177,0.074163,0,0.011962,0,0.021531,0,0.282297,0.191388,0.117225,0,0.136364,0.191388,0.002392,0,0.093301,0
12.2,0,0,0,0,0,0,0.016746,0,0,0,0,0,0,0,0,0,0,0,0,0,0,0,0
13,0.064593,0.244019,0,0.133971,0.100478,0.167464,0.177033,0.095694,0,0.007177,0,0.016746,0.002392,0.095694,0.038278,0.322967,0,0.205742,0.110048,0.002392,0,0.002392,0
13.2,0,0,0,0,0,0,0.095694,0,0,0,0,0,0,0,0,0,0,0,0,0.002392,0,0,0
14,0.009569,0.354067,0.002392,0.057416,0.023923,0.169856,0.308612,0.114833,0,0.021531,0,0.186603,0.078947,0.004785,0.004785,0.246411,0,0.062201,0.066986,0.021531,0,0,0.062201
14.2,0,0,0,0,0,0,0.04067,0,0,0,0,0,0,0,0,0,0,0,0,0.004785,0,0,0
14.3,0,0,0,0,0,0,0,0.004785,0,0,0,0,0,0,0,0,0,0,0,0,0,0,0
15,0.004785,0.244019,0.035885,0,0,0.141148,0.119617,0.150718,0,0.423445,0,0.0311,0.425837,0.002392,0,0.11244,0,0.004785,0.102871,0.033493,0,0,0.07177
15.2,0,0,0,0,0,0,0.090909,0,0,0,0,0,0,0,0,0,0,0,0,0.002392,0,0,0
15.3,0,0,0,0,0,0,0,0.028708,0,0,0,0,0,0,0,0,0,0,0,0,0,0,0
16,0,0.100478,0.043062,0,0,0.114833,0.038278,0.200957,0,0.370813,0.019139,0.002392,0.26555,0,0,0.023923,0,0.002392,0.114833,0.033493,0,0,0.366029
16.2,0,0,0,0,0,0,0.028708,0,0,0,0,0,0,0,0,0,0,0,0,0.004785,0,0,0
16.3,0,0,0,0,0,0,0,0.0311,0,0,0,0,0,0,0,0,0,0,0,0,0,0,0
17,0,0.021531,0.069378,0,0,0.138756,0.002392,0.08134,0,0.059809,0.200957,0,0.126794,0,0,0.007177,0,0,0.045455,0.090909,0,0,0.22488
17.3,0,0,0.007177,0,0,0,0,0.129187,0,0,0,0,0,0,0,0,0,0,0,0.004785,0,0,0
18,0,0.002392,0.172249,0,0,0.050239,0,0.009569,0,0.007177,0.038278,0,0.083732,0,0,0,0.002392,0,0.038278,0.12201,0,0,0.188995
18.3,0,0,0.011962,0,0,0,0,0.033493,0,0,0,0,0,0,0,0,0,0,0,0,0,0,0
19,0,0,0.241627,0,0,0.038278,0,0.002392,0,0,0.260766,0,0.014354,0,0,0,0.083732,0,0.035885,0.098086,0,0,0.07177
19.3,0,0,0.007177,0,0,0,0,0.009569,0,0,0,0,0,0,0,0,0,0,0,0,0,0,0
20,0,0,0.188995,0,0,0.016746,0,0,0,0,0.131579,0,0.002392,0,0,0,0.069378,0,0.014354,0.033493,0,0,0.011962
20.2,0,0,0,0,0,0,0,0,0,0,0,0,0,0,0,0,0.002392,0,0,0.002392,0,0,0
20.3,0,0,0.002392,0,0,0,0,0,0,0,0,0,0,0,0,0,0,0,0,0,0,0,0
21,0,0,0.088517,0,0,0.019139,0,0,0,0,0.014354,0,0,0,0,0,0.129187,0,0.011962,0.023923,0,0,0
21.2,0,0,0,0,0,0,0,0,0,0,0,0,0,0,0,0,0.002392,0,0,0,0,0,0
22,0,0,0.064593,0,0,0.007177,0,0,0,0,0.07177,0,0,0,0,0,0.172249,0,0.004785,0.007177,0,0,0
22.2,0,0,0,0,0,0,0,0,0,0,0,0,0,0,0,0,0.004785,0,0,0.009569,0,0,0
23,0,0,0.045455,0,0,0.007177,0,0,0,0,0.143541,0,0,0,0,0,0.136364,0,0.002392,0,0,0,0
23.2,0,0,0,0,0,0,0,0,0,0,0,0,0,0,0,0,0.007177,0,0,0.009569,0,0,0
24,0,0,0.007177,0,0,0.002392,0,0,0,0,0.066986,0,0,0,0,0,0.131579,0,0.002392,0,0,0,0
24.2,0,0,0,0,0,0,0,0,0.002392,0,0,0,0,0,0,0,0,0,0,0.026316,0,0,0
25,0,0,0.011962,0,0,0.002392,0,0,0,0,0.04067,0,0,0,0,0,0.141148,0,0,0,0,0,0
25.2,0,0,0,0,0,0,0,0,0,0,0,0,0,0,0,0,0,0,0,0.038278,0,0,0
26,0,0,0,0,0,0,0,0,0,0,0.011962,0,0,0,0,0,0.08134,0,0,0.004785,0,0,0
26.2,0,0,0,0,0,0,0,0,0,0,0,0,0,0,0,0,0,0,0,0.066986,0,0,0
27,0,0,0,0,0,0,0,0,0.009569,0,0,0,0,0,0,0,0.033493,0,0,0,0,0,0
27.2,0,0,0,0,0,0,0,0,0,0,0,0,0,0,0,0,0,0,0,0.066986,0,0,0
28,0,0,0,0,0,0,0,0,0.07177,0,0,0,0,0,0,0,0.002392,0,0,0,0,0,0
28.2,0,0,0,0,0,0,0,0,0,0,0,0,0,0,0,0,0,0,0,0.098086,0,0,0
29,0,0,0,0,0,0,0,0,0.208134,0,0,0,0,0,0,0,0,0,0,0,0,0,0
29.2,0,0,0,0,0,0,0,0,0.002392,0,0,0,0,0,0,0,0,0,0,0.066986,0,0,0
30,0,0,0,0,0,0,0,0,0.322967,0,0,0,0,0,0,0,0,0,0,0,0,0,0
30.2,0,0,0,0,0,0,0,0,0.033493,0,0,0,0,0,0,0,0,0,0,0.052632,0,0,0
31,0,0,0,0,0,0,0,0,0.069378,0,0,0,0,0,0,0,0,0,0,0,0,0,0
31.2,0,0,0,0,0,0,0,0,0.083732,0,0,0,0,0,0,0,0,0,0,0.04067,0,0,0
32,0,0,0,0,0,0,0,0,0.014354,0,0,0,0,0,0,0,0,0,0,0,0,0,0
32.2,0,0,0,0,0,0,0,0,0.136364,0,0,0,0,0,0,0,0,0,0,0.023923,0,0,0
33,0,0,0,0,0,0,0,0,0,0,0,0,0,0,0,0,0,0,0,0.002392,0,0,0
33.2,0,0,0,0,0,0,0,0,0.04067,0,0,0,0,0,0,0,0,0,0,0,0,0,0
34,0,0,0,0,0,0,0,0,0,0,0,0,0,0,0,0,0,0,0,0.002392,0,0,0
34.2,0,0,0,0,0,0,0,0,0.004785,0,0,0,0,0,0,0,0,0,0,0,0,0,0
