"Allele","CSF1PO","D13S317","D16S539","D18S51","D19S433","D21S11","D2S1338","D3S1358","D5S818","D7S820","D8S1179","FGA","SE33","TH01","TPOX","VWA"
5,0,0,0,0,0,0,0,0,0,0,0,0,0,0.002,0,0
6,0,0,0,0,0,0,0,0,0,0,0,0,0,0.263,0,0
6.3,0,0,0,0,0,0,0,0,0,0,0,0,0.002,0,0,0
7,0.002,0.002,0.002,0,0,0,0,0,0.002,0.017,0,0,0,0.14,0.003,0
8,0,0.121,0.027,0,0,0,0,0,0.01,0.151,0.022,0,0.005,0.166,0.548,0
9,0.027,0.087,0.135,0,0,0,0,0,0.042,0.133,0.008,0,0.002,0.192,0.099,0
9.3,0,0,0,0,0,0,0,0,0,0,0,0,0,0.222,0,0
10,0.286,0.047,0.087,0.003,0.002,0,0,0,0.072,0.268,0.089,0,0.003,0.013,0.092,0
10.3,0,0,0,0,0,0,0,0,0,0,0,0,0,0.002,0,0
11,0.319,0.314,0.284,0.034,0.002,0,0,0,0.294,0.262,0.06,0,0.002,0,0.227,0
12,0.294,0.329,0.284,0.141,0.097,0,0,0,0.349,0.136,0.112,0,0.002,0,0.03,0
12.2,0,0,0,0,0.003,0,0,0,0,0,0,0,0,0,0,0
13,0.065,0.069,0.154,0.164,0.247,0,0,0.002,0.218,0.023,0.297,0,0.013,0,0,0.005
13.2,0,0,0,0,0.017,0,0,0,0,0,0,0,0.002,0,0,0
14,0.007,0.032,0.022,0.171,0.307,0,0,0.077,0.01,0.01,0.196,0,0.035,0,0,0.106
14.2,0,0,0,0,0.037,0,0,0,0,0,0,0,0,0,0,0
15,0,0,0.005,0.101,0.138,0,0.002,0.267,0.003,0,0.161,0,0.038,0,0,0.097
15.2,0,0,0,0,0.047,0,0,0,0,0,0,0,0.002,0,0,0
16,0,0,0,0.134,0.068,0,0.072,0.248,0,0,0.042,0,0.06,0,0,0.2
16.2,0,0,0,0,0.027,0,0,0,0,0,0,0,0.003,0,0,0
17,0,0,0,0.122,0.007,0,0.233,0.232,0,0,0.008,0.002,0.085,0,0,0.304
17.2,0,0,0,0,0.002,0,0,0,0,0,0,0,0,0,0,0
18,0,0,0,0.067,0,0,0.122,0.156,0,0,0.003,0.01,0.085,0,0,0.185
18.2,0,0,0,0,0.002,0,0,0,0,0,0,0,0,0,0,0
19,0,0,0,0.034,0,0,0.1,0.015,0,0,0,0.062,0.093,0,0,0.086
19.2,0,0,0,0,0,0,0,0,0,0,0,0,0.005,0,0,0
20,0,0,0,0.015,0,0,0.137,0.003,0,0,0,0.091,0.052,0,0,0.018
20.2,0,0,0,0,0,0,0,0,0,0,0,0.002,0,0,0,0
21,0,0,0,0.003,0,0,0.025,0,0,0,0,0.208,0.028,0,0,0
21.2,0,0,0,0,0,0,0,0,0,0,0,0.005,0.022,0,0,0
22,0,0,0,0.007,0,0,0.033,0,0,0,0,0.193,0.01,0,0,0
22.2,0,0,0,0,0,0,0,0,0,0,0,0.008,0.03,0,0,0
23,0,0,0,0.002,0,0,0.122,0,0,0,0,0.159,0,0,0,0
23.2,0,0,0,0,0,0,0,0,0,0,0,0.008,0.032,0,0,0
24,0,0,0,0.002,0,0,0.092,0,0,0,0,0.117,0,0,0,0
24.2,0,0,0,0,0,0,0,0,0,0,0,0.002,0.03,0,0,0
25,0,0,0,0,0,0,0.052,0,0,0,0,0.101,0,0,0,0
25.2,0,0,0,0,0,0,0,0,0,0,0,0.002,0.025,0,0,0
26,0,0,0,0,0,0.003,0.012,0,0,0,0,0.027,0,0,0,0
26.2,0,0,0,0,0,0,0,0,0,0,0,0,0.037,0,0,0
27,0,0,0,0,0,0.039,0,0,0,0,0,0.003,0,0,0,0
27.2,0,0,0,0,0,0,0,0,0,0,0,0,0.05,0,0,0
28,0,0,0,0,0,0.119,0,0,0,0,0,0,0.002,0,0,0
28.2,0,0,0,0,0,0,0,0,0,0,0,0,0.068,0,0,0
29,0,0,0,0,0,0.267,0,0,0,0,0,0,0.003,0,0,0
29.2,0,0,0,0,0,0.002,0,0,0,0,0,0,0.065,0,0,0
30,0,0,0,0,0,0.186,0,0,0,0,0,0,0,0,0,0
30.2,0,0,0,0,0,0.037,0,0,0,0,0,0,0.042,0,0,0
31,0,0,0,0,0,0.044,0,0,0,0,0,0,0,0,0,0
31.2,0,0,0,0,0,0.144,0,0,0,0,0,0,0.03,0,0,0
32,0,0,0,0,0,0.007,0,0,0,0,0,0,0.003,0,0,0
32.2,0,0,0,0,0,0.111,0,0,0,0,0,0,0.012,0,0,0
33,0,0,0,0,0,0,0,0,0,0,0,0,0.008,0,0,0
33.2,0,0,0,0,0,0.039,0,0,0,0,0,0,0.002,0,0,0
34,0,0,0,0,0,0,0,0,0,0,0,0,0.01,0,0,0
34.2,0,0,0,0,0,0.003,0,0,0,0,0,0,0.002,0,0,0
35,0,0,0,0,0,0,0,0,0,0,0,0,0.002,0,0,0
