"Allele","CSF1PO","D12S391","D13S317","D16S539","D18S51","D19S433","D1S1656","D21S11","D2S1338","D3S1358","D5S818","D6S1043","D7S1517","D7S820","D8S1179","FGA","PENTAD","TH01","TPOX","VWA"
5,0,0,0,0,0,0,0,0,0,0,0,0,0.0525,0,0,0,0,0,0,0
6,0,0,7e-04,7e-04,0,0,0,0,0,0,0,0,0,0,0,0,0.0015,0.1013,0,0
7,0.0022,0,0.0015,0,0,0,0,0,0,0,0.0259,0,7e-04,0.0015,0,0,0.0089,0.2648,0.0015,0
7.1,0,0,7e-04,0,0,0,0,0,0,0,0,0,0,0,0,0,0,0,0,0
7.2,0,0,7e-04,0,0,0,0,0,0,0,0,0,0,0,0,0,0,0,0,0
7.3,0,0,7e-04,0,0,0,0,0,0,0,0,0,0,0,0,0,0,0,0,0
8,7e-04,0,0.2855,0.0044,7e-04,0,0,0,0,0,0.0015,0,0.0015,0.1331,0.0022,0,0.0584,0.071,0.5385,0
8.1,0,0,0.0015,0,0,0,0,0,0,0,0,0,0,0,0,0,0,0,0,0
9,0.0547,0,0.1524,0.2655,0,0,0,0,0,0,0.0769,0,0.0059,0.0651,7e-04,0,0.3217,0.5007,0.1176,0
9.1,0,0,0,0,0,0,0,0,0,0,0,0,0,0.0037,0,0,0,0,0,0
9.2,0,0,0,0,0,0,0,0,0,0,0,0,0,0.0015,0,0,0,0,0,0
9.3,0,0,0,0,0,0,0,0,0,0,0,0,0,0,0,0,0,0.0318,0,0
10,0.2286,0,0.1376,0.1072,7e-04,7e-04,7e-04,0,0,0,0.196,0.02,0.0444,0.1649,0.0962,0,0.1213,0.0288,0.0229,0
10.1,7e-04,0,7e-04,0,0,0,0,0,0,0,7e-04,0,0,0.0015,0,0,0,0,0,0
10.3,0,0,0,0,0,0,0,0,0,0,0,0,0,7e-04,0,0,0,0,0,0
11,0.2293,0,0.2175,0.2507,0.003,0.0022,0.051,0,0,7e-04,0.3173,0.0902,0.1487,0.3203,0.0939,0,0.1309,0.0015,0.2885,0
12,0.3861,0,0.1531,0.25,0.0274,0.0377,0.0436,0,0,0.003,0.2382,0.1457,0.1065,0.2574,0.1235,0,0.1827,0,0.0311,0
12.1,0,0,0,0,0,0,0,0,0,0,0,0,0,7e-04,0,0,0,0,0,0
12.2,0,0,0,0,0,0.0074,0,0,0,0,0,0,0,0,0,0,0,0,0,0
12.3,0,0,0,0,0,0,0,0,0,0,0,7e-04,0,0,0,0,0,0,0,0
13,0.0836,0,0.0333,0.1102,0.1864,0.2744,0.0947,0,7e-04,7e-04,0.1346,0.1361,0.0525,0.0473,0.2448,0,0.1287,0,0,0.0022
13.2,0,0,0,0,0,0.0422,0,0,0,0,0,0,0,0,0,0,0,0,0,0
14,0.0133,0,0.0111,0.0111,0.2175,0.2463,0.0747,0,0,0.0429,0.0081,0.1368,0.0791,0.0022,0.1849,7e-04,0.0362,0,0,0.23
14.2,0,0,0,0,0,0.1146,0,0,0,0,0,0,0,0,0,0,0,0,0,0
15,7e-04,0.0141,0.0022,0,0.1612,0.0658,0.2966,0,0,0.3521,7e-04,0.0207,0.1176,0,0.1642,0,0.0096,0,0,0.0311
15.2,0,0,0,0,0,0.1642,0,0,0,0,0,0,0,0,0,0,0,0,0,0
15.3,0,0,0,0,0,0,7e-04,0,0,0,0,0,0,0,0,0,0,0,0,0
16,0,0.0118,7e-04,0,0.1516,0.0059,0.2382,0,0.0126,0.3136,0,0.003,0.0725,0,0.0762,7e-04,0,0,0,0.199
16.1,0,0,0,0,0,0,7e-04,0,0,0,0,0,0,0,0,0,0,0,0,0
16.2,0,0,0,0,0,0.0333,0,0,0,0,0,0,0,0,0,0,0,0,0,0
16.3,0,0,0,0,0,0,0.0081,0,0,0,0,0,0,0,0,0,0,0,0,0
17,0,0.0791,0,0,0.0806,0.0022,0.0873,0,0.0762,0.2108,0,0.0399,0.0799,0,0.0118,0.0015,0,0,0,0.2493
17.2,0,0,0,0,0,0.0022,0,0,0,0,0,0,0,0,0,0,0,0,0,0
17.3,0,0,0,0,0,0,0.0584,0,0,0,0,0.0015,0,0,0,7e-04,0,0,0,0
18,0,0.2241,0,0,0.0473,0,0.0118,0,0.1117,0.0717,0,0.179,0.0666,0,0.0015,0.0214,0,0,0,0.1827
18.2,0,0,0,0,0,7e-04,0,0,0,0,0,0,0,0,0,0,0,0,0,0
18.3,0,0,0,0,0,0,0.0281,0,0,0,0,0,0.0015,0,0,0,0,0,0,0
18.4,0,0,0,0,0,0,0,0,0,0,0,0,7e-04,0,0,0,0,0,0,0
19,0,0.2197,0,0,0.0325,0,0,0,0.199,0.0044,0,0.1612,0.0636,0,0,0.051,0,0,0,0.0917
19.2,0,7e-04,0,0,0,0,0,0,0,0,0,0,0,0,0,0,0,0,0,0
19.3,0,7e-04,0,0,0,0,0.0044,0,0,0,0,0,0,0,0,0,0,0,0,0
19.4,0,0,0,0,0,0,0,0,0,0,0,0,7e-04,0,0,0,0,0,0,0
20,0,0.1657,0,0,0.0296,0,0,0,0.1087,0,0,0.0466,0.0436,0,0,0.0444,0,0,0,0.0133
20.2,0,0,0,0,0,0,0,0,0,0,0,0,0,0,0,0.0015,0,0,0,0
20.3,0,0,0,0,0,0,7e-04,0,0,0,0,0.0022,0,0,0,0,0,0,0,0
21,0,0.1176,0,0,0.0237,0,0,0,0.0214,0,0,0.0126,0.0325,0,0,0.1146,0,0,0,7e-04
21.2,0,0,0,0,0,0,0,0,0,0,0,0,0,0,0,0.0037,0,0,0,0
21.3,0,0,0,0,0,0,0,0,0,0,0,0.0022,0,0,0,0,0,0,0,0
22,0,0.0858,0,0,0.0214,0,0,0,0.0392,0,0,7e-04,0.0148,0,0,0.1679,0,0,0,0
22.2,0,0,0,0,0,0,0,0,0,0,0,0,0,0,0,0.0118,0,0,0,0
22.3,0,0,0,0,0,0,0,0,0,0,0,7e-04,0,0,0,7e-04,0,0,0,0
23,0,0.0488,0,0,0.0067,0,0,0,0.2145,0,0,0,0.0089,0,0,0.2219,0,0,0,0
23.1,0,0,0,0,0,0,0,0,0,0,0,0,0,0,0,0.0015,0,0,0,0
23.2,0,0,0,0,0,0,0,0,0,0,0,0,0,0,0,0.0089,0,0,0,0
24,0,0.017,0,0,0.0052,0,0,7e-04,0.1479,0,0,0,0.0037,0,0,0.1783,0,0,0,0
24.2,0,0,0,0,0,0,0,0,0,0,0,0,0,0,0,0.0104,0,0,0,0
25,0,0.0126,0,0,0.0037,0,0,0,0.0562,0,0,0,7e-04,0,0,0.1006,0,0,0,0
25.2,0,0,0,0,0,0,0,0,0,0,0,0,0,0,0,7e-04,0,0,0,0
26,0,0.0022,0,0,7e-04,0,0,0,0.0104,0,0,0,7e-04,0,0,0.0436,0,0,0,0
27,0,0,0,0,0,0,0,7e-04,0.0015,0,0,0,0,0,0,0.0096,0,0,0,0
27.2,0,0,0,0,0,0,0,0,0,0,0,0,0,0,0,7e-04,0,0,0,0
28,0,0,0,0,0,0,0,0.0503,0,0,0,0,0,0,0,0.0015,0,0,0,0
28.2,0,0,0,0,0,0,0,0.0081,0,0,0,0,0,0,0,0,0,0,0,0
29,0,0,0,0,0,0,0,0.2633,0,0,0,0,0,0,0,7e-04,0,0,0,0
29.1,0,0,0,0,0,0,0,7e-04,0,0,0,0,0,0,0,0,0,0,0,0
29.2,0,0,0,0,0,0,0,0.0015,0,0,0,0,0,0,0,0,0,0,0,0
30,0,0,0,0,0,0,0,0.287,0,0,0,0,0,0,0,0,0,0,0,0
30.2,0,0,0,0,0,0,0,0.0133,0,0,0,0,0,0,0,0,0,0,0,0
30.3,0,0,0,0,0,0,0,0.0074,0,0,0,0,0,0,0,0,0,0,0,0
31,0,0,0,0,0,0,0,0.0954,0,0,0,0,0,0,0,0,0,0,0,0
31.2,0,0,0,0,0,0,0,0.0584,0,0,0,0,0,0,0,0,0,0,0,0
32,0,0,0,0,0,0,0,0.0333,0,0,0,0,0,0,0,0,0,0,0,0
32.2,0,0,0,0,0,0,0,0.1228,0,0,0,0,0,0,0,0,0,0,0,0
33,0,0,0,0,0,0,0,0.0074,0,0,0,0,0,0,0,0,0,0,0,0
33.2,0,0,0,0,0,0,0,0.0422,0,0,0,0,0,0,0,0,0,0,0,0
34,0,0,0,0,0,0,0,7e-04,0,0,0,0,0,0,0,0,0,0,0,0
34.2,0,0,0,0,0,0,0,0.0052,0,0,0,0,0,0,0,0,0,0,0,0
35.2,0,0,0,0,0,0,0,7e-04,0,0,0,0,0,0,0,0,0,0,0,0
36.2,0,0,0,0,0,0,0,7e-04,0,0,0,0,0,0,0,0,0,0,0,0
