"Allele","CSF1PO","D13S317","D16S539","D18S51","D21S11","D2S1338","D3S1358","D5S818","D7S820","D8S1179","FGA","TH01","TPOX","VWA"
6,0,0,0,0,0,0,0,0,0,0,0,0.162,0.006,0
7,0.003,0,0,0,0,0,0,0.003,0.016,0,0,0.162,0,0
8,0.022,0.118,0.006,0,0,0,0,0.02,0.134,0.041,0,0.086,0.5,0
9,0.061,0.105,0.121,0,0,0,0,0.046,0.08,0.01,0,0.242,0.103,0
9.3,0,0,0,0,0,0,0,0,0,0,0,0.338,0,0
10,0.274,0.07,0.035,0.013,0,0,0,0.03,0.271,0.054,0,0.01,0.11,0
11,0.315,0.252,0.341,0.016,0,0,0,0.336,0.287,0.08,0,0,0.248,0
12,0.252,0.318,0.341,0.178,0,0,0,0.352,0.169,0.115,0,0,0.032,0
12.2,0,0,0.003,0,0,0,0,0,0,0,0,0,0,0
13,0.045,0.096,0.115,0.151,0,0,0.003,0.197,0.035,0.347,0,0,0,0
14,0.029,0.038,0.038,0.171,0,0,0.054,0.01,0.01,0.175,0,0,0,0.109
15,0,0.003,0,0.125,0,0,0.269,0,0,0.118,0,0,0,0.141
16,0,0,0,0.086,0,0.038,0.199,0.003,0,0.054,0,0,0,0.215
17,0,0,0,0.115,0,0.218,0.295,0,0,0,0,0,0,0.282
18,0,0,0,0.076,0,0.128,0.17,0,0,0.003,0.01,0,0,0.186
19,0,0,0,0.03,0,0.099,0.003,0,0,0,0.076,0,0,0.048
19.2,0,0,0,0.003,0,0,0,0,0,0,0,0,0,0
20,0,0,0,0.02,0,0.163,0.006,0,0,0,0.089,0,0,0.019
21,0,0,0,0.007,0,0.058,0,0,0,0,0.146,0,0,0
22,0,0,0,0.01,0,0.058,0,0,0,0,0.219,0,0,0
22.2,0,0,0,0,0,0,0,0,0,0,0.007,0,0,0
23,0,0,0,0,0,0.135,0,0.003,0,0,0.203,0,0,0
23.2,0,0,0,0,0,0,0,0,0,0,0.003,0,0,0
24,0,0,0,0,0,0.067,0,0,0,0.003,0.106,0,0,0
24.2,0,0,0,0,0.016,0,0,0,0,0,0,0,0,0
25,0,0,0,0,0,0.035,0,0,0,0,0.099,0,0,0
26,0,0,0,0,0,0,0,0,0,0,0.036,0,0,0
27,0,0,0,0,0.042,0,0,0,0,0,0,0,0,0
28,0,0,0,0,0.123,0,0,0,0,0,0,0,0,0
29,0,0,0,0,0.252,0,0,0,0,0,0,0,0,0
29.2,0,0,0,0,0.003,0,0,0,0,0,0,0,0,0
30,0,0,0,0,0.248,0,0,0,0,0,0,0,0,0
30.2,0,0,0,0,0.045,0,0,0,0,0,0.003,0,0,0
31,0,0,0,0,0.071,0,0,0,0,0,0,0,0,0
31.2,0,0,0,0,0.065,0,0,0,0,0,0,0,0,0
32,0,0,0,0,0.016,0,0,0,0,0,0,0,0,0
32.2,0,0,0,0,0.071,0,0,0,0,0,0,0,0,0
33.2,0,0,0,0,0.045,0,0,0,0,0,0,0,0,0
35,0,0,0,0,0.003,0,0,0,0,0,0,0,0,0
