"Allele","CSF1PO","D10S1248","D12S391","D13S317","D16S539","D18S51","D19S433","D1S1656","D21S11","D22S1045","D2S1338","D2S441","D3S1358","D5S818","D7S820","D8S1179","FGA","TH01","TPOX","VWA"
5,0,0,0,0,0,0,0,0,0,0,0,0,0,0,0,0,0,0.007352941,0,0
6,0,0,0,0,0,0,0,0,0,0,0,0,0,0,0,0,0,0.218137255,0,0
7,0.007352941,0,0,0,0,0,0,0,0,0,0,0,0,0,0.024509804,0,0,0.169117647,0.00245098,0
8,0.007352941,0,0,0.139705882,0.014705882,0,0,0,0,0,0,0,0,0.007352941,0.166666667,0.007352941,0,0.125,0.492647059,0
9,0.012254902,0,0,0.049019608,0.107843137,0,0,0,0,0,0,0,0,0.031862745,0.151960784,0.007352941,0,0.181372549,0.134803922,0
9.3,0,0,0,0,0,0,0,0,0,0,0,0,0,0,0,0,0,0.279411765,0,0
10,0.291666667,0,0,0.049019608,0.068627451,0.012254902,0.004901961,0.002475248,0,0,0,0.208955224,0,0.083333333,0.259803922,0.080882353,0,0.019607843,0.06127451,0
11,0.325980392,0.002463054,0,0.321078431,0.301470588,0.009803922,0.004901961,0.054455446,0,0.106435644,0,0.338308458,0.00245098,0.318627451,0.230392157,0.090686275,0,0,0.291666667,0
11.3,0,0,0,0,0,0,0,0,0,0,0,0.072139303,0,0,0,0,0,0,0,0
12,0.274509804,0.027093596,0,0.237745098,0.31127451,0.125,0.095588235,0.128712871,0,0.00990099,0,0.052238806,0,0.365196078,0.12254902,0.12745098,0,0,0.017156863,0.00245098
12.3,0,0,0,0,0,0,0,0,0,0,0,0.002487562,0,0,0,0,0,0,0,0
13,0.06127451,0.268472906,0,0.156862745,0.166666667,0.161764706,0.257352941,0.086633663,0,0.00990099,0.00245098,0.059701493,0.009803922,0.181372549,0.041666667,0.345588235,0,0,0,0
14,0.019607843,0.31773399,0,0.041666667,0.029411765,0.178921569,0.31372549,0.101485149,0,0.03960396,0.00245098,0.223880597,0.115196078,0.009803922,0.00245098,0.218137255,0,0,0,0.107843137
14.2,0,0,0,0,0,0,0.026960784,0,0,0,0,0,0,0,0,0,0,0,0,0
14.3,0,0,0,0,0,0,0,0.004950495,0,0,0,0,0,0,0,0,0,0,0,0
15,0,0.189655172,0.042288557,0.004901961,0,0.142156863,0.134803922,0.148514851,0,0.381188119,0,0.032338308,0.269607843,0.00245098,0,0.090686275,0,0,0,0.120098039
15.2,0,0,0,0,0,0,0.049019608,0,0,0,0,0,0,0,0,0,0,0,0,0
15.3,0,0,0,0,0,0,0,0.074257426,0,0,0,0,0,0,0,0,0,0,0,0
16,0,0.160098522,0.037313433,0,0,0.107843137,0.071078431,0.101485149,0,0.351485149,0.071078431,0.009950249,0.210784314,0,0,0.024509804,0,0,0,0.237745098
16.2,0,0,0,0,0,0,0.017156863,0,0,0,0,0,0,0,0,0,0,0,0,0
16.3,0,0,0,0,0,0,0,0.054455446,0,0,0,0,0,0,0,0,0,0,0,0
17,0,0.034482759,0.099502488,0,0,0.105392157,0,0.059405941,0,0.096534653,0.242647059,0,0.198529412,0,0,0.007352941,0,0,0,0.269607843
17.2,0,0,0,0,0,0,0.004901961,0,0,0,0,0,0,0,0,0,0,0,0,0
17.3,0,0,0.02238806,0,0,0,0,0.121287129,0,0,0,0,0,0,0,0,0,0,0,0
18,0,0,0.218905473,0,0,0.075980392,0,0.004950495,0,0.004950495,0.06372549,0,0.176470588,0,0,0,0.007352941,0,0,0.174019608
18.3,0,0,0.027363184,0,0,0,0,0.04950495,0,0,0,0,0,0,0,0,0,0,0,0
19,0,0,0.084577114,0,0,0.044117647,0,0,0,0,0.120098039,0,0.017156863,0,0,0,0.083333333,0,0,0.080882353
19.3,0,0,0.029850746,0,0,0,0,0.007425743,0,0,0,0,0,0,0,0,0,0,0,0
20,0,0,0.114427861,0,0,0.022058824,0.00245098,0,0,0,0.125,0,0,0,0,0,0.149509804,0,0,0.007352941
21,0,0,0.094527363,0,0,0.009803922,0,0,0,0,0.029411765,0,0,0,0,0,0.169117647,0,0,0
22,0,0,0.077114428,0,0,0.004901961,0,0,0,0,0.026960784,0,0,0,0,0,0.183823529,0,0,0
22.2,0,0,0,0,0,0,0,0,0,0,0,0,0,0,0,0,0.00245098,0,0,0
23,0,0,0.094527363,0,0,0,0.00245098,0,0,0,0.095588235,0,0,0,0,0,0.154411765,0,0,0
24,0,0,0.034825871,0,0,0,0,0,0,0,0.117647059,0,0,0,0,0,0.137254902,0,0,0
24.2,0,0,0,0,0,0,0,0,0.00245098,0,0,0,0,0,0,0,0,0,0,0
25,0,0,0.017412935,0,0,0,0,0,0,0,0.095588235,0,0,0,0,0,0.068627451,0,0,0
26,0,0,0.004975124,0,0,0,0,0,0,0,0.004901961,0,0,0,0,0,0.036764706,0,0,0
27,0,0,0,0,0,0,0,0,0.017156863,0,0.00245098,0,0,0,0,0,0.004901961,0,0,0
28,0,0,0,0,0,0,0,0,0.144607843,0,0,0,0,0,0,0,0,0,0,0
29,0,0,0,0,0,0,0,0,0.245098039,0,0,0,0,0,0,0,0.00245098,0,0,0
30,0,0,0,0,0,0,0,0,0.281862745,0,0,0,0,0,0,0,0,0,0,0
30.2,0,0,0,0,0,0,0,0,0.022058824,0,0,0,0,0,0,0,0,0,0,0
31,0,0,0,0,0,0,0,0,0.053921569,0,0,0,0,0,0,0,0,0,0,0
31.2,0,0,0,0,0,0,0,0,0.120098039,0,0,0,0,0,0,0,0,0,0,0
32,0,0,0,0,0,0,0,0,0.009803922,0,0,0,0,0,0,0,0,0,0,0
32.2,0,0,0,0,0,0,0,0,0.075980392,0,0,0,0,0,0,0,0,0,0,0
33,0,0,0,0,0,0,0,0,0.004901961,0,0,0,0,0,0,0,0,0,0,0
33.2,0,0,0,0,0,0,0,0,0.017156863,0,0,0,0,0,0,0,0,0,0,0
34.2,0,0,0,0,0,0,0,0,0.004901961,0,0,0,0,0,0,0,0,0,0,0
